TrueLabels,Prediction,Logits,FileName
0,1,[0.45014355 0.5498565 ],fake/easy_100_1111.png
0,1,[0.4867493 0.5132507],fake/easy_101_0010.png
0,1,[0.43546194 0.56453806],fake/easy_102_0101.png
0,0,[0.95635146 0.04364859],fake/easy_103_1111.png
0,1,[0.4774155 0.5225845],fake/easy_104_1000.png
0,0,[0.57095367 0.42904633],fake/easy_105_1100.png
0,0,[0.5654698  0.43453017],fake/easy_106_0011.png
0,1,[0.45407096 0.54592913],fake/easy_107_1011.png
0,0,[0.5026927  0.49730724],fake/easy_108_1111.png
0,0,[1.000000e+00 9.548791e-11],fake/easy_109_1111.png
0,1,[0.49049535 0.5095047 ],fake/easy_110_0001.png
0,1,[0.46605137 0.53394866],fake/easy_111_1101.png
0,1,[0.48390096 0.51609904],fake/easy_112_1001.png
0,1,[0.48714253 0.51285744],fake/easy_113_0011.png
0,0,[0.8782457  0.12175425],fake/easy_114_1110.png
0,0,[0.51413476 0.48586532],fake/easy_115_0010.png
0,1,[0.459813 0.540187],fake/easy_117_0101.png
0,1,[0.463164  0.5368359],fake/easy_118_1111.png
0,1,[0.4458478  0.55415225],fake/easy_119_0011.png
0,0,[0.898505   0.10149498],fake/easy_120_0011.png
0,1,[0.4944904  0.50550956],fake/easy_121_0011.png
0,0,[0.9877702  0.01222973],fake/easy_122_1011.png
0,1,[0.4895005 0.5104995],fake/easy_123_0100.png
0,0,[0.5294788  0.47052118],fake/easy_124_1110.png
0,0,[0.9473591  0.05264094],fake/easy_125_0011.png
0,1,[0.4750758 0.5249242],fake/easy_126_0111.png
0,0,[0.565101 0.434899],fake/easy_127_0001.png
0,1,[0.48914889 0.51085114],fake/easy_128_0111.png
0,0,[0.51946336 0.48053658],fake/easy_129_1111.png
0,0,[0.532441   0.46755898],fake/easy_130_1101.png
0,0,[0.5711187 0.4288813],fake/easy_131_1001.png
0,1,[0.48619336 0.5138066 ],fake/easy_132_0110.png
0,0,[0.99716824 0.00283181],fake/easy_133_1100.png
0,1,[0.47200355 0.52799654],fake/easy_134_0001.png
0,1,[0.47282827 0.5271718 ],fake/easy_135_0011.png
0,0,[0.8470559  0.15294415],fake/easy_136_0111.png
0,0,[0.71889025 0.28110972],fake/easy_138_0101.png
0,1,[0.4795973  0.52040267],fake/easy_140_1111.png
0,0,[0.64823216 0.35176778],fake/easy_141_0111.png
0,1,[0.4859664  0.51403356],fake/easy_143_0011.png
0,0,[0.72129256 0.27870744],fake/easy_144_1111.png
0,0,[0.5668473  0.43315268],fake/easy_145_1000.png
0,1,[0.49460542 0.50539464],fake/easy_146_1110.png
0,1,[0.4486191  0.55138093],fake/easy_147_1110.png
0,1,[0.45124653 0.54875344],fake/easy_148_0011.png
0,1,[0.17270204 0.827298  ],fake/easy_149_1001.png
0,0,[0.5391068  0.46089324],fake/easy_150_0011.png
0,1,[0.46061242 0.5393876 ],fake/easy_151_1110.png
0,1,[0.4974448 0.5025552],fake/easy_152_0011.png
0,0,[0.5898834 0.4101166],fake/easy_153_1110.png
0,0,[0.50205404 0.49794593],fake/easy_154_1100.png
0,0,[0.6295388  0.37046126],fake/easy_155_0011.png
0,0,[0.69176984 0.30823013],fake/easy_156_0010.png
0,1,[0.47569826 0.5243017 ],fake/easy_157_1110.png
0,0,[0.57172644 0.4282736 ],fake/easy_158_0011.png
0,0,[0.6143959 0.3856041],fake/easy_161_1101.png
0,0,[0.5183316  0.48166838],fake/easy_162_0001.png
0,0,[0.5847101  0.41528988],fake/easy_163_1001.png
0,1,[0.41758442 0.5824156 ],fake/easy_164_1111.png
0,0,[0.6166042  0.38339582],fake/easy_165_1010.png
0,0,[0.5492009  0.45079908],fake/easy_166_1100.png
0,1,[0.48227242 0.5177276 ],fake/easy_167_0110.png
0,0,[0.5024027 0.4975973],fake/easy_168_0010.png
0,0,[0.59743935 0.40256062],fake/easy_169_1100.png
0,0,[0.5239147 0.4760853],fake/easy_171_1100.png
0,0,[0.56744415 0.43255585],fake/easy_172_1001.png
0,0,[0.5663427 0.4336573],fake/easy_173_0111.png
0,1,[0.4640239 0.5359761],fake/easy_174_1110.png
0,1,[0.45329815 0.54670185],fake/easy_175_0001.png
0,0,[0.8455329  0.15446708],fake/easy_176_1000.png
0,1,[0.49472886 0.5052712 ],fake/easy_177_1010.png
0,0,[0.5834573  0.41654265],fake/easy_178_1111.png
0,0,[0.54425454 0.45574546],fake/easy_179_0001.png
0,1,[0.4763585 0.5236414],fake/easy_180_0011.png
0,0,[0.5178709  0.48212904],fake/easy_181_1110.png
0,0,[0.88124156 0.11875847],fake/easy_182_0100.png
0,1,[0.40376645 0.59623355],fake/easy_183_1111.png
0,1,[0.44841525 0.55158466],fake/easy_184_0110.png
0,1,[0.44261447 0.55738556],fake/easy_185_1101.png
0,1,[0.4884803  0.51151973],fake/easy_186_1001.png
0,1,[0.45017335 0.5498266 ],fake/easy_187_1110.png
0,0,[0.5875062 0.4124938],fake/easy_188_1111.png
0,1,[0.4486816 0.5513184],fake/easy_189_1101.png
0,1,[0.4798548 0.5201452],fake/easy_190_0101.png
0,1,[0.46960747 0.53039247],fake/easy_191_0001.png
0,0,[0.6819792 0.3180208],fake/easy_192_1000.png
0,0,[0.51427555 0.48572448],fake/easy_193_1110.png
0,0,[0.50599706 0.4940029 ],fake/easy_194_1011.png
0,0,[0.56144536 0.43855464],fake/easy_195_1110.png
0,1,[0.48775208 0.5122479 ],fake/easy_196_0010.png
0,1,[0.4637346 0.5362654],fake/easy_197_1111.png
0,1,[0.4820577 0.5179423],fake/easy_198_0011.png
0,1,[0.458051   0.54194903],fake/easy_199_1100.png
0,0,[1.0000000e+00 2.1850386e-11],fake/easy_200_1110.png
0,0,[0.5521847  0.44781524],fake/easy_201_0001.png
0,1,[0.46125442 0.5387456 ],fake/easy_203_0111.png
0,0,[0.5203204 0.4796796],fake/easy_204_0101.png
0,0,[0.5084146  0.49158546],fake/easy_205_1110.png
0,0,[0.9174972 0.0825028],fake/easy_206_0011.png
0,0,[0.51990724 0.48009267],fake/easy_207_1000.png
0,0,[0.55371916 0.4462809 ],fake/easy_208_1111.png
0,0,[0.5023792  0.49762085],fake/easy_209_0001.png
0,1,[0.46083248 0.5391675 ],fake/easy_210_1011.png
0,1,[0.46715575 0.5328442 ],fake/easy_211_1100.png
0,0,[0.5656267  0.43437332],fake/easy_212_0010.png
0,0,[0.8009441  0.19905594],fake/easy_213_1111.png
0,1,[0.49479473 0.50520533],fake/easy_214_0011.png
0,0,[0.5038488  0.49615124],fake/easy_215_1111.png
0,0,[0.5252256  0.47477442],fake/easy_216_1100.png
0,1,[0.40635923 0.5936408 ],fake/easy_217_1111.png
0,0,[0.50749147 0.49250847],fake/easy_218_0011.png
0,0,[0.71150875 0.28849122],fake/easy_219_1101.png
0,0,[0.6864455  0.31355453],fake/easy_220_1000.png
0,0,[0.5503112  0.44968876],fake/easy_221_0111.png
0,0,[0.58316606 0.416834  ],fake/easy_222_0011.png
0,0,[0.5251427  0.47485733],fake/easy_223_0100.png
0,0,[0.7328521  0.26714784],fake/easy_224_1100.png
0,0,[0.5526153  0.44738472],fake/easy_225_0010.png
0,1,[0.44447303 0.55552703],fake/easy_227_1110.png
0,1,[0.49534696 0.5046531 ],fake/easy_228_0011.png
0,0,[0.52348816 0.47651187],fake/easy_229_1000.png
0,0,[0.8058449  0.19415505],fake/easy_230_1010.png
0,0,[0.54525065 0.45474932],fake/easy_231_1011.png
0,1,[0.31019235 0.68980765],fake/easy_232_1100.png
0,1,[0.46205747 0.5379425 ],fake/easy_233_0010.png
0,0,[0.55235845 0.4476415 ],fake/easy_234_1000.png
0,1,[0.4974448 0.5025552],fake/easy_235_1111.png
0,0,[0.6867138  0.31328624],fake/easy_237_0011.png
0,1,[0.4416849  0.55831516],fake/easy_239_1110.png
0,1,[0.48239747 0.5176025 ],fake/easy_48_0011.png
0,1,[0.4702567 0.5297433],fake/easy_49_1000.png
0,0,[0.5646048  0.43539518],fake/easy_50_0110.png
0,1,[0.35502774 0.6449722 ],fake/easy_51_1110.png
0,0,[0.9704194  0.02958057],fake/easy_52_1100.png
0,0,[0.7761203  0.22387972],fake/easy_53_0001.png
0,1,[0.42362174 0.5763783 ],fake/easy_54_1010.png
0,0,[0.5840095 0.4159905],fake/easy_55_0011.png
0,0,[0.62857026 0.3714298 ],fake/easy_56_1110.png
0,1,[0.49493954 0.5050605 ],fake/easy_58_0011.png
0,0,[0.5656989  0.43430108],fake/easy_60_1111.png
0,1,[0.4404027 0.5595973],fake/easy_61_0111.png
0,1,[0.44970775 0.55029225],fake/easy_62_0001.png
0,1,[0.46942455 0.53057545],fake/easy_63_1110.png
0,0,[0.5826043  0.41739568],fake/easy_64_1111.png
0,0,[0.73119473 0.26880533],fake/easy_65_1111.png
0,0,[0.5249891  0.47501087],fake/easy_66_1101.png
0,0,[0.770232   0.22976796],fake/easy_67_0101.png
0,1,[0.4862865  0.51371354],fake/easy_68_1100.png
0,1,[0.45967302 0.540327  ],fake/easy_69_1011.png
0,1,[0.4743902  0.52560985],fake/easy_71_1100.png
0,0,[0.5920283  0.40797165],fake/easy_72_1111.png
0,1,[0.48799983 0.5120002 ],fake/easy_73_1110.png
0,0,[0.6477711 0.3522289],fake/easy_74_0010.png
0,0,[0.52850026 0.47149968],fake/easy_75_1100.png
0,0,[0.6655779  0.33442214],fake/easy_76_1111.png
0,1,[0.4807809 0.5192191],fake/easy_77_0111.png
0,1,[0.4974448 0.5025552],fake/easy_78_1111.png
0,1,[0.4142818 0.5857182],fake/easy_79_0001.png
0,1,[0.4611407 0.5388593],fake/easy_80_0001.png
0,0,[0.50429094 0.49570915],fake/easy_81_1111.png
0,0,[0.6398693  0.36013073],fake/easy_83_1110.png
0,0,[0.5311521  0.46884784],fake/easy_84_0011.png
0,0,[0.5327121 0.4672879],fake/easy_85_1111.png
0,0,[0.9847488 0.0152512],fake/easy_86_0011.png
0,1,[0.48805574 0.51194423],fake/easy_87_0110.png
0,0,[0.6758158  0.32418415],fake/easy_88_0011.png
0,0,[0.50096077 0.4990392 ],fake/easy_89_0010.png
0,1,[0.49458364 0.5054164 ],fake/easy_90_1111.png
0,1,[0.41265756 0.58734244],fake/easy_91_1000.png
0,0,[0.62163824 0.3783618 ],fake/easy_92_0011.png
0,0,[0.56063735 0.4393626 ],fake/easy_93_1010.png
0,0,[0.71151584 0.28848422],fake/easy_94_0001.png
0,0,[0.5269151  0.47308496],fake/easy_95_0101.png
0,0,[0.5008746  0.49912542],fake/easy_96_0011.png
0,1,[0.36193025 0.63806975],fake/easy_97_1111.png
0,1,[0.48414636 0.51585364],fake/easy_98_0001.png
0,1,[0.4991885 0.5008115],fake/easy_99_0101.png
0,0,[0.64718986 0.35281014],fake/hard_100_1111.png
0,0,[0.53929037 0.4607096 ],fake/hard_101_0011.png
0,1,[0.4182916  0.58170843],fake/hard_102_1001.png
0,0,[0.59656674 0.40343326],fake/hard_103_1101.png
0,0,[0.5583525 0.4416476],fake/hard_104_1001.png
0,0,[0.50132203 0.49867797],fake/hard_105_1011.png
0,0,[0.9984028  0.00159724],fake/hard_106_1100.png
0,0,[0.6095852 0.3904148],fake/hard_107_1111.png
0,0,[0.52444106 0.47555888],fake/hard_108_1111.png
0,0,[0.8811654  0.11883464],fake/hard_109_1100.png
0,0,[0.5967571  0.40324283],fake/hard_111_1111.png
0,0,[0.55416584 0.44583413],fake/hard_112_1111.png
0,0,[0.5074441  0.49255598],fake/hard_113_0011.png
0,0,[0.5322574 0.4677426],fake/hard_114_1111.png
0,0,[0.62990195 0.3700981 ],fake/hard_115_1110.png
0,0,[0.72423357 0.27576643],fake/hard_116_1101.png
0,1,[0.46483395 0.535166  ],fake/hard_117_1110.png
0,1,[0.43864304 0.5613569 ],fake/hard_118_0111.png
0,0,[0.68191075 0.31808928],fake/hard_119_1100.png
0,0,[0.59154737 0.40845257],fake/hard_120_0011.png
0,0,[0.9732684  0.02673165],fake/hard_121_1100.png
0,0,[0.5352636  0.46473643],fake/hard_122_1100.png
0,0,[0.5256835 0.4743165],fake/hard_123_1111.png
0,1,[0.48632544 0.5136745 ],fake/hard_124_1100.png
0,1,[0.47896096 0.521039  ],fake/hard_125_1100.png
0,0,[0.51146674 0.48853323],fake/hard_126_0111.png
0,0,[0.6471087 0.3528914],fake/hard_127_0011.png
0,0,[9.9932206e-01 6.7793945e-04],fake/hard_128_1111.png
0,0,[0.75939596 0.24060403],fake/hard_129_1111.png
0,1,[0.44107166 0.55892825],fake/hard_130_1111.png
0,0,[9.9988890e-01 1.1114756e-04],fake/hard_131_1000.png
0,0,[0.5327331 0.4672669],fake/hard_132_0111.png
0,0,[0.9985586  0.00144138],fake/hard_133_0001.png
0,1,[0.49663883 0.50336117],fake/hard_134_1100.png
0,0,[0.5722165  0.42778355],fake/hard_135_1101.png
0,0,[0.654284 0.345716],fake/hard_136_1101.png
0,0,[0.67922413 0.32077593],fake/hard_137_1001.png
0,1,[0.47335377 0.52664626],fake/hard_138_1101.png
0,1,[0.4696727 0.5303273],fake/hard_139_1011.png
0,0,[0.53468364 0.4653164 ],fake/hard_140_1111.png
0,0,[0.5241689  0.47583115],fake/hard_142_1110.png
0,0,[0.6739779  0.32602215],fake/hard_143_0100.png
0,0,[0.57884294 0.4211571 ],fake/hard_144_0011.png
0,1,[0.47219542 0.52780455],fake/hard_145_1100.png
0,1,[0.46985173 0.53014827],fake/hard_146_0110.png
0,0,[0.54169375 0.4583062 ],fake/hard_147_1111.png
0,0,[0.69512194 0.30487806],fake/hard_148_1010.png
0,1,[0.49552715 0.5044728 ],fake/hard_149_0011.png
0,0,[0.55682665 0.44317335],fake/hard_150_1000.png
0,1,[0.47971672 0.5202833 ],fake/hard_151_0101.png
0,0,[0.5252027  0.47479734],fake/hard_152_0111.png
0,1,[0.41130626 0.58869374],fake/hard_153_1011.png
0,0,[0.62290996 0.37709007],fake/hard_154_1100.png
0,0,[0.6105842 0.3894158],fake/hard_155_0010.png
0,0,[0.78018916 0.21981087],fake/hard_156_1111.png
0,0,[0.5113572  0.48864284],fake/hard_157_1111.png
0,0,[0.7174959  0.28250405],fake/hard_158_0011.png
0,1,[0.4809169  0.51908314],fake/hard_159_0100.png
0,0,[0.5766019  0.42339808],fake/hard_160_1111.png
0,1,[0.4314903  0.56850976],fake/hard_161_1100.png
0,0,[0.64935327 0.35064676],fake/hard_162_0010.png
0,0,[0.5383215  0.46167845],fake/hard_163_0011.png
0,0,[1.000000e+00 8.486175e-09],fake/hard_164_1000.png
0,1,[0.45730925 0.5426907 ],fake/hard_165_1000.png
0,1,[0.49483708 0.5051629 ],fake/hard_166_1110.png
0,0,[0.5539562  0.44604382],fake/hard_167_0011.png
0,1,[0.43347895 0.56652105],fake/hard_168_0011.png
0,0,[0.5749751 0.4250249],fake/hard_169_0111.png
0,1,[0.46993 0.53007],fake/hard_170_0111.png
0,0,[0.5408315  0.45916852],fake/hard_171_1101.png
0,1,[0.49964052 0.5003595 ],fake/hard_172_1100.png
0,1,[0.4853019 0.5146981],fake/hard_173_1110.png
0,1,[0.4949119  0.50508803],fake/hard_174_1111.png
0,1,[0.41021222 0.5897878 ],fake/hard_175_1100.png
0,1,[0.48828444 0.5117156 ],fake/hard_176_0011.png
0,0,[0.55077034 0.44922966],fake/hard_177_1011.png
0,0,[0.67631155 0.32368848],fake/hard_178_1001.png
0,0,[0.5573055  0.44269454],fake/hard_179_1111.png
0,0,[0.5458562  0.45414382],fake/hard_180_0011.png
0,0,[0.5619806  0.43801942],fake/hard_181_0001.png
0,0,[0.57142097 0.42857906],fake/hard_182_0011.png
0,0,[0.95883954 0.04116046],fake/hard_183_1101.png
0,1,[0.42678693 0.57321304],fake/hard_184_0011.png
0,1,[0.45405555 0.54594445],fake/hard_185_1100.png
0,0,[0.94421256 0.05578745],fake/hard_186_0011.png
0,0,[0.5421011  0.45789894],fake/hard_187_0100.png
0,0,[0.55181056 0.44818935],fake/hard_188_0100.png
0,0,[0.51764554 0.48235455],fake/hard_189_0011.png
0,0,[0.6126859  0.38731408],fake/hard_190_1111.png
0,1,[0.4623837 0.5376163],fake/hard_191_0011.png
0,0,[1.0000000e+00 3.6740635e-11],fake/hard_192_1111.png
0,1,[0.47853628 0.5214637 ],fake/hard_193_1111.png
0,0,[0.58790314 0.4120968 ],fake/hard_194_0110.png
0,0,[0.5990813  0.40091872],fake/hard_195_1000.png
0,1,[0.4640005 0.5359995],fake/hard_196_1101.png
0,0,[0.90346193 0.09653808],fake/hard_198_1100.png
0,1,[0.46260583 0.53739417],fake/hard_199_0011.png
0,1,[0.47704735 0.5229526 ],fake/hard_200_1111.png
0,1,[0.48619583 0.5138042 ],fake/hard_201_0100.png
0,0,[0.5002452  0.49975485],fake/hard_202_1101.png
0,0,[0.599942   0.40005794],fake/hard_203_0010.png
0,1,[0.43427375 0.5657262 ],fake/hard_204_0011.png
0,1,[0.45037776 0.5496223 ],fake/hard_205_0011.png
0,0,[0.5192968  0.48070318],fake/hard_206_0001.png
0,0,[0.5420013  0.45799875],fake/hard_207_1100.png
0,0,[0.700228   0.29977196],fake/hard_208_0001.png
0,0,[0.99874556 0.00125437],fake/hard_209_1011.png
0,1,[0.49142608 0.5085739 ],fake/hard_210_1100.png
0,0,[0.5824553 0.4175447],fake/hard_211_0110.png
0,1,[0.46584088 0.5341591 ],fake/hard_212_1101.png
0,0,[0.5666926 0.4333074],fake/hard_213_0101.png
0,0,[0.62970173 0.3702983 ],fake/hard_214_1011.png
0,0,[0.55480826 0.44519174],fake/hard_215_1101.png
0,0,[0.5616033  0.43839666],fake/hard_216_0111.png
0,1,[0.40978393 0.59021604],fake/hard_217_1100.png
0,0,[0.6094123 0.3905877],fake/hard_218_0100.png
0,1,[0.47988594 0.52011406],fake/hard_219_1101.png
0,0,[0.5075686  0.49243137],fake/hard_220_1111.png
0,0,[0.6032167  0.39678326],fake/hard_221_0101.png
0,1,[0.4974448 0.5025552],fake/hard_222_1001.png
0,0,[0.7261864  0.27381366],fake/hard_223_1111.png
0,0,[0.60006005 0.39993992],fake/hard_224_0111.png
0,0,[0.58526695 0.41473305],fake/hard_225_0011.png
0,0,[0.56092936 0.4390706 ],fake/hard_226_0100.png
0,0,[0.9968411  0.00315888],fake/hard_227_1100.png
0,0,[0.5825455  0.41745445],fake/hard_228_1111.png
0,0,[0.68338144 0.3166186 ],fake/hard_229_0100.png
0,0,[0.5206628  0.47933722],fake/hard_230_1110.png
0,0,[9.9991477e-01 8.5210697e-05],fake/hard_231_1111.png
0,0,[0.691698   0.30830193],fake/hard_232_0001.png
0,1,[0.39656708 0.603433  ],fake/hard_233_0010.png
0,0,[0.5263521  0.47364795],fake/hard_235_0001.png
0,0,[0.50561047 0.49438953],fake/hard_236_1001.png
0,0,[0.5989039 0.4010961],fake/hard_237_0010.png
0,1,[0.2734123  0.72658765],fake/hard_238_1000.png
0,0,[0.9723981  0.02760186],fake/hard_239_1000.png
0,0,[0.5082428  0.49175718],fake/hard_240_1101.png
0,0,[0.5399324  0.46006757],fake/hard_49_0010.png
0,0,[0.5342793 0.4657207],fake/hard_50_1101.png
0,0,[0.5114197  0.48858035],fake/hard_51_1111.png
0,0,[0.9795236  0.02047632],fake/hard_52_1111.png
0,1,[0.49744    0.50255996],fake/hard_53_1100.png
0,0,[0.51063967 0.48936027],fake/hard_55_0011.png
0,1,[0.4974448 0.5025552],fake/hard_56_0100.png
0,0,[0.5348466 0.4651534],fake/hard_57_0110.png
0,1,[0.47463566 0.5253643 ],fake/hard_58_0001.png
0,0,[0.540215   0.45978504],fake/hard_59_1110.png
0,1,[0.44600874 0.55399126],fake/hard_60_1111.png
0,0,[0.54454774 0.4554523 ],fake/hard_61_0011.png
0,0,[0.57400626 0.42599368],fake/hard_62_1010.png
0,1,[0.49621135 0.5037887 ],fake/hard_63_1101.png
0,1,[0.49538276 0.5046173 ],fake/hard_64_0010.png
0,0,[0.6199268  0.38007316],fake/hard_65_0101.png
0,0,[0.5997608  0.40023926],fake/hard_66_1111.png
0,0,[0.5196057 0.4803943],fake/hard_67_0001.png
0,1,[0.4973783  0.50262165],fake/hard_68_1100.png
0,0,[0.550793   0.44920695],fake/hard_69_0011.png
0,0,[0.54559076 0.45440924],fake/hard_70_1100.png
0,0,[0.55335826 0.4466417 ],fake/hard_71_1100.png
0,0,[0.6551709 0.3448291],fake/hard_72_1100.png
0,0,[0.61433494 0.38566503],fake/hard_73_0011.png
0,0,[9.9997616e-01 2.3894645e-05],fake/hard_74_0011.png
0,0,[0.5421832  0.45781675],fake/hard_75_0011.png
0,0,[0.60936105 0.39063895],fake/hard_76_1100.png
0,1,[0.45352754 0.54647243],fake/hard_77_1100.png
0,0,[0.539406 0.460594],fake/hard_78_1101.png
0,1,[0.48629257 0.5137074 ],fake/hard_79_1110.png
0,0,[0.7577947  0.24220538],fake/hard_80_0100.png
0,1,[0.47812894 0.5218711 ],fake/hard_81_1101.png
0,0,[0.6647004 0.3352996],fake/hard_83_1111.png
0,0,[0.95234877 0.0476512 ],fake/hard_84_0011.png
0,0,[0.61848825 0.3815118 ],fake/hard_85_1111.png
0,1,[0.2725154  0.72748464],fake/hard_86_1100.png
0,0,[0.7873272  0.21267283],fake/hard_87_1111.png
0,0,[0.5143928  0.48560715],fake/hard_88_1111.png
0,0,[0.5794014  0.42059866],fake/hard_89_1110.png
0,0,[0.54776627 0.45223373],fake/hard_90_1100.png
0,1,[0.48325884 0.5167411 ],fake/hard_91_1100.png
0,1,[0.47880697 0.5211931 ],fake/hard_92_1001.png
0,0,[0.6746901  0.32530987],fake/hard_93_1111.png
0,0,[0.6245165  0.37548345],fake/hard_94_1111.png
0,0,[0.71544945 0.28455058],fake/hard_95_0001.png
0,1,[0.49447232 0.50552773],fake/hard_96_1110.png
0,0,[0.5045897  0.49541032],fake/hard_97_1001.png
0,0,[0.6304726  0.36952743],fake/hard_98_1101.png
0,0,[0.6837048  0.31629524],fake/hard_99_1111.png
0,1,[0.48950708 0.51049286],fake/mid_100_1110.png
0,0,[0.7012056  0.29879445],fake/mid_101_1111.png
0,0,[0.8255802  0.17441982],fake/mid_102_1100.png
0,1,[0.48030025 0.51969975],fake/mid_103_1111.png
0,0,[0.7762458  0.22375421],fake/mid_104_1100.png
0,1,[0.4496525 0.5503475],fake/mid_105_1101.png
0,0,[0.5719291  0.42807093],fake/mid_106_0001.png
0,1,[0.48749834 0.51250166],fake/mid_107_0010.png
0,0,[0.59549415 0.40450588],fake/mid_108_1110.png
0,0,[0.56501424 0.43498576],fake/mid_109_1111.png
0,0,[0.57372826 0.42627177],fake/mid_110_1100.png
0,0,[0.5591647  0.44083524],fake/mid_111_0001.png
0,0,[0.56442046 0.43557957],fake/mid_112_0001.png
0,0,[0.5160415  0.48395842],fake/mid_113_1100.png
0,0,[0.58638483 0.41361514],fake/mid_114_1110.png
0,0,[0.62764776 0.37235227],fake/mid_115_0011.png
0,0,[0.7728495 0.2271505],fake/mid_116_1111.png
0,0,[0.5933134  0.40668654],fake/mid_117_1111.png
0,0,[0.57549226 0.4245077 ],fake/mid_118_1000.png
0,0,[0.5635403  0.43645978],fake/mid_119_1111.png
0,0,[0.6246707 0.3753293],fake/mid_120_1100.png
0,0,[0.6558594  0.34414056],fake/mid_121_1110.png
0,1,[0.49355942 0.5064406 ],fake/mid_122_1100.png
0,0,[0.62214977 0.3778503 ],fake/mid_123_1111.png
0,0,[0.72500783 0.2749922 ],fake/mid_124_1110.png
0,0,[0.5078461 0.4921539],fake/mid_125_1111.png
0,1,[0.4829605 0.5170395],fake/mid_126_1110.png
0,0,[0.5475821 0.4524179],fake/mid_127_0011.png
0,1,[0.4974448 0.5025552],fake/mid_128_1110.png
0,1,[0.4971819 0.5028181],fake/mid_129_0101.png
0,0,[0.64509606 0.35490394],fake/mid_130_1111.png
0,0,[0.9099105  0.09008943],fake/mid_131_1111.png
0,0,[0.5738767 0.4261233],fake/mid_132_0001.png
0,0,[0.53496146 0.46503857],fake/mid_133_1001.png
0,1,[0.47600532 0.5239947 ],fake/mid_134_1010.png
0,0,[0.51861244 0.48138756],fake/mid_135_1110.png
0,1,[0.4974448 0.5025552],fake/mid_136_0001.png
0,0,[0.5252738  0.47472614],fake/mid_137_1011.png
0,0,[0.5018622  0.49813777],fake/mid_138_0011.png
0,0,[0.7380369  0.26196322],fake/mid_139_1111.png
0,0,[0.5708262 0.4291738],fake/mid_140_1111.png
0,1,[0.47778654 0.5222135 ],fake/mid_141_1110.png
0,1,[0.46025857 0.53974146],fake/mid_142_1100.png
0,0,[0.56805205 0.43194792],fake/mid_143_1100.png
0,0,[0.527501 0.472499],fake/mid_144_1110.png
0,0,[0.56824934 0.4317507 ],fake/mid_145_1111.png
0,0,[0.99772555 0.00227441],fake/mid_146_1111.png
0,0,[0.53605354 0.46394646],fake/mid_147_1110.png
0,0,[0.6268325  0.37316757],fake/mid_148_0001.png
0,1,[0.45436364 0.54563636],fake/mid_149_0011.png
0,1,[0.4834726 0.5165274],fake/mid_150_1111.png
0,0,[0.6186307  0.38136932],fake/mid_151_1100.png
0,0,[0.53774315 0.46225682],fake/mid_152_1100.png
0,0,[0.61319804 0.38680202],fake/mid_153_1111.png
0,1,[0.47286958 0.5271304 ],fake/mid_154_1111.png
0,0,[0.5105454 0.4894546],fake/mid_155_1100.png
0,1,[0.41497347 0.5850265 ],fake/mid_156_1111.png
0,1,[0.48834726 0.5116528 ],fake/mid_157_1111.png
0,1,[0.48042318 0.5195768 ],fake/mid_158_1010.png
0,1,[0.48965347 0.5103465 ],fake/mid_159_1111.png
0,0,[0.52033204 0.4796679 ],fake/mid_160_1110.png
0,1,[0.48955095 0.5104491 ],fake/mid_161_0110.png
0,0,[0.6083564  0.39164358],fake/mid_162_0011.png
0,0,[0.9246483 0.0753517],fake/mid_163_1001.png
0,0,[0.56899107 0.43100893],fake/mid_164_0011.png
0,0,[0.538877   0.46112293],fake/mid_165_0101.png
0,1,[0.49859133 0.50140864],fake/mid_166_1100.png
0,1,[0.42064956 0.5793504 ],fake/mid_167_1100.png
0,0,[0.5543626  0.44563746],fake/mid_168_1111.png
0,0,[0.61193436 0.38806564],fake/mid_169_0001.png
0,0,[0.5218134  0.47818664],fake/mid_170_1111.png
0,0,[0.7608516  0.23914844],fake/mid_171_1100.png
0,1,[0.45817935 0.54182065],fake/mid_172_1111.png
0,0,[0.98580325 0.01419669],fake/mid_173_1110.png
0,0,[0.6384961  0.36150384],fake/mid_174_1111.png
0,0,[0.50116706 0.498833  ],fake/mid_175_1111.png
0,1,[0.4963148 0.5036852],fake/mid_176_1111.png
0,1,[0.4978639  0.50213605],fake/mid_177_1111.png
0,0,[0.6400813  0.35991874],fake/mid_178_1111.png
0,0,[0.6396497  0.36035034],fake/mid_179_1111.png
0,0,[0.64003605 0.35996395],fake/mid_180_1110.png
0,0,[0.5611749  0.43882504],fake/mid_181_0011.png
0,0,[0.81861657 0.18138343],fake/mid_182_1111.png
0,1,[0.4797045 0.5202955],fake/mid_183_1111.png
0,0,[0.58574677 0.4142532 ],fake/mid_184_1101.png
0,1,[0.49463934 0.5053607 ],fake/mid_185_1110.png
0,0,[0.6365764 0.3634236],fake/mid_186_1100.png
0,0,[0.59774774 0.4022523 ],fake/mid_187_1101.png
0,0,[0.5883497 0.4116503],fake/mid_189_0011.png
0,0,[0.5565962  0.44340378],fake/mid_190_1111.png
0,0,[0.61918133 0.38081864],fake/mid_191_0111.png
0,0,[0.5097605  0.49023947],fake/mid_192_1111.png
0,0,[0.6045423  0.39545768],fake/mid_193_1111.png
0,0,[0.5281657 0.4718343],fake/mid_194_1111.png
0,0,[0.5571316  0.44286838],fake/mid_195_1111.png
0,0,[0.5930016 0.4069984],fake/mid_196_1100.png
0,0,[1.0000000e+00 1.6847283e-08],fake/mid_197_1110.png
0,0,[0.61359483 0.38640514],fake/mid_198_1111.png
0,0,[0.57652044 0.4234795 ],fake/mid_199_0011.png
0,0,[0.5705214 0.4294786],fake/mid_200_1111.png
0,0,[0.5243852  0.47561482],fake/mid_201_1111.png
0,0,[0.6012395  0.39876047],fake/mid_202_1110.png
0,0,[0.57002145 0.42997852],fake/mid_203_1111.png
0,0,[0.5539115 0.4460884],fake/mid_204_1111.png
0,1,[0.46793744 0.5320625 ],fake/mid_205_0011.png
0,0,[0.5854384 0.4145617],fake/mid_206_1111.png
0,0,[0.78049856 0.2195014 ],fake/mid_207_1111.png
0,0,[0.5989802 0.4010198],fake/mid_208_1110.png
0,0,[0.6259562  0.37404376],fake/mid_209_1111.png
0,0,[0.72563833 0.2743616 ],fake/mid_210_0011.png
0,0,[0.5127239  0.48727608],fake/mid_211_1100.png
0,0,[0.5364133  0.46358675],fake/mid_212_1111.png
0,0,[0.50581574 0.49418432],fake/mid_213_1111.png
0,0,[0.5521104 0.4478896],fake/mid_214_1011.png
0,0,[0.5779037 0.4220963],fake/mid_215_0011.png
0,0,[0.5837021  0.41629788],fake/mid_216_1011.png
0,1,[0.49081922 0.5091808 ],fake/mid_217_1111.png
0,0,[0.73128283 0.26871714],fake/mid_218_1011.png
0,0,[0.5141876  0.48581246],fake/mid_219_1111.png
0,0,[0.60001177 0.39998823],fake/mid_220_0011.png
0,0,[1.0000000e+00 3.1006166e-12],fake/mid_221_1100.png
0,0,[0.5762808  0.42371923],fake/mid_222_1110.png
0,0,[0.5325877  0.46741235],fake/mid_223_1111.png
0,0,[0.7161541  0.28384587],fake/mid_224_1111.png
0,0,[0.60081327 0.3991867 ],fake/mid_225_0111.png
0,0,[9.9982387e-01 1.7620098e-04],fake/mid_226_1111.png
0,0,[0.5324351  0.46756488],fake/mid_227_1111.png
0,0,[0.60060334 0.39939663],fake/mid_228_1111.png
0,0,[0.50788236 0.49211764],fake/mid_229_1111.png
0,0,[0.6201433  0.37985674],fake/mid_230_1110.png
0,0,[0.5560677  0.44393227],fake/mid_231_1100.png
0,1,[0.49079534 0.5092047 ],fake/mid_232_1111.png
0,0,[0.51507384 0.48492616],fake/mid_233_1111.png
0,0,[1.0000000e+00 2.4879525e-09],fake/mid_234_0010.png
0,0,[0.7744335 0.2255665],fake/mid_235_1100.png
0,0,[0.5780343 0.4219657],fake/mid_236_1111.png
0,0,[0.548143   0.45185697],fake/mid_237_1111.png
0,0,[0.5552855  0.44471455],fake/mid_238_1111.png
0,0,[0.52956504 0.47043496],fake/mid_239_1011.png
0,0,[0.501793   0.49820697],fake/mid_240_1100.png
0,0,[0.5213931 0.4786069],fake/mid_241_1111.png
0,0,[1.000000e+00 9.629083e-33],fake/mid_242_1111.png
0,1,[0.46337652 0.5366235 ],fake/mid_243_0011.png
0,0,[0.60413533 0.3958647 ],fake/mid_244_1110.png
0,0,[0.6486956 0.3513044],fake/mid_245_1100.png
0,0,[0.70399487 0.29600513],fake/mid_246_0011.png
0,0,[0.53919846 0.46080154],fake/mid_247_1111.png
0,0,[0.6283083  0.37169173],fake/mid_248_0111.png
0,0,[0.6393099  0.36069012],fake/mid_249_1111.png
0,0,[0.589336   0.41066405],fake/mid_250_1111.png
0,0,[0.6146308 0.3853692],fake/mid_251_1111.png
0,0,[0.81106645 0.18893358],fake/mid_252_1101.png
0,0,[0.9708681  0.02913197],fake/mid_253_0101.png
0,0,[0.6215606  0.37843943],fake/mid_254_1111.png
0,1,[0.4818279 0.5181721],fake/mid_255_0011.png
0,0,[0.61831474 0.38168532],fake/mid_256_1100.png
0,0,[0.531496   0.46850398],fake/mid_257_1111.png
0,0,[0.5655379  0.43446213],fake/mid_258_1110.png
0,0,[0.6165177  0.38348228],fake/mid_259_1101.png
0,0,[0.5780416  0.42195836],fake/mid_260_1111.png
0,1,[0.42672804 0.573272  ],fake/mid_261_1101.png
0,0,[0.8047847  0.19521528],fake/mid_262_1111.png
0,0,[0.5424767  0.45752335],fake/mid_263_1100.png
0,0,[0.5794688  0.42053118],fake/mid_264_1101.png
0,0,[0.6036349  0.39636505],fake/mid_265_1111.png
0,1,[0.48165965 0.51834035],fake/mid_266_1101.png
0,0,[0.61962193 0.380378  ],fake/mid_267_1111.png
0,0,[0.5015307  0.49846923],fake/mid_268_0010.png
0,1,[0.4279629 0.5720371],fake/mid_269_1100.png
0,0,[0.60041845 0.39958152],fake/mid_270_0101.png
0,0,[0.9124241 0.0875759],fake/mid_271_1111.png
0,0,[0.5168902  0.48310983],fake/mid_272_1010.png
0,0,[0.5429156  0.45708445],fake/mid_273_1101.png
0,0,[0.55557734 0.44442266],fake/mid_274_1100.png
0,1,[0.474456 0.525544],fake/mid_275_1100.png
0,0,[0.5059919  0.49400806],fake/mid_276_0011.png
0,0,[0.5767284  0.42327163],fake/mid_278_1101.png
0,0,[0.6313328  0.36866722],fake/mid_279_1111.png
0,0,[0.6774364  0.32256356],fake/mid_280_1111.png
0,0,[0.5773464  0.42265362],fake/mid_281_1111.png
0,0,[0.59304076 0.4069592 ],fake/mid_282_1100.png
0,0,[9.998964e-01 1.036259e-04],fake/mid_283_0111.png
0,0,[0.6352821 0.3647179],fake/mid_284_1110.png
0,0,[0.5290305  0.47096944],fake/mid_285_1111.png
0,0,[0.534035   0.46596503],fake/mid_286_1100.png
0,1,[0.4841388 0.5158612],fake/mid_287_0001.png
0,0,[0.6898618  0.31013823],fake/mid_288_1101.png
0,0,[0.94041014 0.05958989],fake/mid_289_1101.png
0,1,[0.49809286 0.50190717],fake/mid_290_1100.png
0,1,[0.4222174  0.57778263],fake/mid_291_1100.png
0,1,[0.49805057 0.5019495 ],fake/mid_292_1000.png
0,0,[0.5883616  0.41163844],fake/mid_293_1101.png
0,0,[0.57311916 0.42688087],fake/mid_294_1110.png
0,0,[0.523811   0.47618905],fake/mid_295_0111.png
0,0,[0.5388241 0.4611759],fake/mid_296_1111.png
0,1,[0.4216326 0.5783675],fake/mid_297_0010.png
0,0,[0.9938666  0.00613338],fake/mid_298_0001.png
0,1,[0.4830453 0.5169547],fake/mid_299_1100.png
0,1,[0.48032293 0.51967704],fake/mid_300_0111.png
0,0,[0.9967914  0.00320852],fake/mid_301_0101.png
0,1,[0.48311403 0.516886  ],fake/mid_302_1100.png
0,0,[0.59448475 0.4055153 ],fake/mid_303_1100.png
0,0,[0.5552     0.44480002],fake/mid_304_1111.png
0,1,[0.41292235 0.5870776 ],fake/mid_305_1101.png
0,1,[0.4900788  0.50992125],fake/mid_306_1111.png
0,0,[0.58148605 0.418514  ],fake/mid_307_1101.png
0,0,[0.9717069  0.02829309],fake/mid_308_1111.png
0,0,[0.5277889 0.4722111],fake/mid_309_1111.png
0,0,[0.50902134 0.49097866],fake/mid_310_0111.png
0,0,[0.8490772  0.15092276],fake/mid_311_0011.png
0,0,[0.6915419 0.3084581],fake/mid_312_1111.png
0,0,[0.57496816 0.4250318 ],fake/mid_313_1101.png
0,0,[0.5892899  0.41071013],fake/mid_314_1101.png
0,1,[0.4377569 0.5622431],fake/mid_315_1101.png
0,0,[0.5787672  0.42123282],fake/mid_316_1111.png
0,1,[0.45253468 0.5474653 ],fake/mid_317_1101.png
0,0,[0.71505964 0.28494033],fake/mid_318_1111.png
0,0,[0.6347895  0.36521044],fake/mid_319_1111.png
0,0,[0.5167287  0.48327124],fake/mid_320_1111.png
0,0,[0.60337275 0.39662725],fake/mid_321_1110.png
0,0,[0.7436751 0.2563248],fake/mid_322_1111.png
0,0,[0.54076886 0.45923117],fake/mid_323_1101.png
0,0,[0.5342024  0.46579763],fake/mid_324_1111.png
0,1,[0.48914206 0.510858  ],fake/mid_325_0011.png
0,0,[0.52282876 0.47717118],fake/mid_326_1111.png
0,0,[0.50748444 0.4925155 ],fake/mid_327_0111.png
0,1,[0.46304572 0.5369543 ],fake/mid_329_1110.png
0,0,[0.50143963 0.4985604 ],fake/mid_330_1111.png
0,1,[0.49853867 0.50146127],fake/mid_331_0011.png
0,0,[1.000000e+00 1.640814e-17],fake/mid_332_1111.png
0,1,[0.49287802 0.507122  ],fake/mid_333_1101.png
0,0,[0.5999557  0.40004426],fake/mid_335_1100.png
0,0,[0.6814852  0.31851482],fake/mid_336_1111.png
0,1,[0.48983055 0.5101694 ],fake/mid_337_1111.png
0,0,[0.57257724 0.42742276],fake/mid_338_1100.png
0,0,[1.0000000e+00 1.2499668e-13],fake/mid_339_1100.png
0,0,[0.54828423 0.45171583],fake/mid_340_1111.png
0,0,[0.5737538  0.42624626],fake/mid_341_1110.png
0,0,[1.0000000e+00 1.4555306e-29],fake/mid_343_1111.png
0,0,[1.0000000e+00 8.3359266e-23],fake/mid_344_0010.png
0,1,[0.4891344  0.51086557],fake/mid_345_1111.png
0,0,[0.5081294  0.49187064],fake/mid_346_0011.png
0,0,[0.659409 0.340591],fake/mid_347_0011.png
0,0,[0.5402169 0.4597831],fake/mid_348_1100.png
0,1,[0.4589322 0.5410678],fake/mid_349_1111.png
0,1,[0.4684224 0.5315775],fake/mid_350_0100.png
0,0,[0.5460699  0.45393014],fake/mid_351_0110.png
0,1,[0.43087325 0.5691267 ],fake/mid_353_0011.png
0,0,[9.9959809e-01 4.0195574e-04],fake/mid_354_1110.png
0,0,[0.5117439 0.4882561],fake/mid_355_1011.png
0,1,[0.4776801 0.52232  ],fake/mid_356_1110.png
0,0,[0.5858888  0.41411123],fake/mid_357_0011.png
0,0,[0.6365716  0.36342838],fake/mid_358_1100.png
0,0,[0.5919746 0.4080254],fake/mid_359_1101.png
0,0,[0.5645079  0.43549213],fake/mid_360_1100.png
0,0,[0.5584726  0.44152743],fake/mid_361_0001.png
0,0,[0.9371453  0.06285468],fake/mid_362_1101.png
0,0,[0.5136227  0.48637736],fake/mid_363_1101.png
0,0,[0.52859014 0.4714099 ],fake/mid_364_1111.png
0,1,[0.48367184 0.5163282 ],fake/mid_365_1111.png
0,1,[0.48079145 0.51920855],fake/mid_366_1111.png
0,1,[0.46997768 0.5300223 ],fake/mid_367_0010.png
0,1,[0.4699814 0.5300186],fake/mid_368_0110.png
0,0,[0.9386925  0.06130744],fake/mid_369_1110.png
0,1,[0.48836857 0.51163137],fake/mid_370_1111.png
0,1,[0.45119888 0.5488011 ],fake/mid_371_0011.png
0,0,[0.5854809  0.41451907],fake/mid_372_0011.png
0,0,[0.53097576 0.46902424],fake/mid_373_1111.png
0,0,[0.9985726  0.00142737],fake/mid_374_0011.png
0,1,[0.49496225 0.5050377 ],fake/mid_375_1110.png
0,1,[0.49978757 0.50021243],fake/mid_376_0001.png
0,1,[0.48606977 0.5139302 ],fake/mid_377_0100.png
0,0,[0.6313817  0.36861825],fake/mid_378_1110.png
0,1,[0.46579325 0.53420675],fake/mid_379_1100.png
0,0,[0.5230194 0.4769806],fake/mid_380_1111.png
0,0,[0.6988286  0.30117148],fake/mid_381_1101.png
0,0,[0.6054242 0.3945758],fake/mid_382_0011.png
0,0,[0.54674816 0.45325184],fake/mid_383_1100.png
0,0,[0.5430019  0.45699808],fake/mid_384_0011.png
0,0,[0.5791512  0.42084882],fake/mid_386_1110.png
0,0,[0.7243899  0.27561015],fake/mid_387_1100.png
0,1,[0.4974448 0.5025552],fake/mid_388_1111.png
0,0,[0.61746436 0.38253564],fake/mid_389_1101.png
0,1,[0.48164344 0.5183565 ],fake/mid_390_0011.png
0,0,[0.5257284  0.47427157],fake/mid_391_1110.png
0,0,[0.6112256  0.38877437],fake/mid_392_1111.png
0,0,[0.62441736 0.3755826 ],fake/mid_393_1101.png
0,1,[0.48762846 0.51237154],fake/mid_394_1111.png
0,0,[0.5134025 0.4865975],fake/mid_395_1110.png
0,0,[0.5864045  0.41359553],fake/mid_396_1011.png
0,0,[9.9903476e-01 9.6531532e-04],fake/mid_397_1111.png
0,0,[9.9982625e-01 1.7375012e-04],fake/mid_398_0011.png
0,0,[0.72762245 0.27237758],fake/mid_399_0011.png
0,1,[0.4949105 0.5050894],fake/mid_400_0011.png
0,1,[0.43392622 0.5660738 ],fake/mid_401_0111.png
0,0,[0.99645644 0.00354357],fake/mid_402_0011.png
0,1,[0.4974448 0.5025552],fake/mid_403_1111.png
0,0,[0.52860165 0.47139838],fake/mid_404_0011.png
0,1,[0.37173292 0.62826705],fake/mid_405_0011.png
0,0,[0.5374505  0.46254957],fake/mid_406_0011.png
0,0,[0.5146955  0.48530442],fake/mid_407_1111.png
0,0,[0.6911596 0.3088404],fake/mid_409_1101.png
0,0,[0.81694555 0.18305445],fake/mid_410_1111.png
0,0,[0.57113373 0.4288663 ],fake/mid_411_1111.png
0,1,[0.4898078 0.5101922],fake/mid_412_0011.png
0,1,[0.46377605 0.53622395],fake/mid_414_0011.png
0,0,[0.510271   0.48972905],fake/mid_415_1111.png
0,0,[0.50622654 0.49377343],fake/mid_416_1111.png
0,1,[0.4974448 0.5025552],fake/mid_417_1111.png
0,0,[0.57212067 0.4278793 ],fake/mid_418_1101.png
0,0,[0.5839326  0.41606745],fake/mid_419_0011.png
0,0,[0.50909954 0.49090052],fake/mid_420_1101.png
0,0,[0.50836927 0.49163073],fake/mid_421_0011.png
0,1,[0.4993469 0.5006531],fake/mid_422_0011.png
0,1,[0.48153424 0.51846576],fake/mid_423_1101.png
0,0,[0.56421596 0.4357841 ],fake/mid_424_1111.png
0,0,[0.5925499  0.40745008],fake/mid_425_1111.png
0,0,[0.5466736  0.45332643],fake/mid_426_1111.png
0,0,[0.5758415  0.42415845],fake/mid_427_1010.png
0,0,[0.51639163 0.48360834],fake/mid_428_0001.png
0,0,[0.6097123  0.39028767],fake/mid_429_1110.png
0,0,[0.5468542  0.45314577],fake/mid_430_1111.png
0,0,[0.8606418  0.13935822],fake/mid_431_0001.png
0,0,[0.59566134 0.40433863],fake/mid_433_0011.png
0,1,[0.44764486 0.5523551 ],fake/mid_434_1110.png
0,0,[0.53896475 0.46103525],fake/mid_435_1111.png
0,1,[0.4450398 0.5549602],fake/mid_436_1111.png
0,0,[0.8397707  0.16022933],fake/mid_437_1101.png
0,0,[0.6706965  0.32930347],fake/mid_438_0010.png
0,0,[0.5700651 0.4299349],fake/mid_439_1000.png
0,0,[0.5490449  0.45095512],fake/mid_440_0101.png
0,1,[0.48030946 0.5196905 ],fake/mid_441_0011.png
0,1,[0.46520084 0.5347992 ],fake/mid_442_0111.png
0,0,[0.5976313 0.4023688],fake/mid_443_0011.png
0,0,[0.55520594 0.44479403],fake/mid_444_1111.png
0,1,[0.493494   0.50650597],fake/mid_445_1111.png
0,1,[0.4706798 0.5293202],fake/mid_446_0011.png
0,0,[0.5445016 0.4554984],fake/mid_447_0011.png
0,1,[0.49578378 0.50421613],fake/mid_448_0011.png
0,0,[0.6143498  0.38565022],fake/mid_449_1111.png
0,1,[0.48674217 0.5132579 ],fake/mid_450_1101.png
0,0,[0.9985012  0.00149885],fake/mid_451_1111.png
0,0,[0.6867756  0.31322438],fake/mid_452_1111.png
0,1,[0.4837966  0.51620334],fake/mid_453_1111.png
0,1,[0.45086285 0.5491371 ],fake/mid_454_1111.png
0,1,[0.43562314 0.5643769 ],fake/mid_455_0101.png
0,0,[0.6373214  0.36267862],fake/mid_456_1111.png
0,1,[0.44323742 0.5567626 ],fake/mid_457_1100.png
0,0,[0.6057374  0.39426264],fake/mid_458_1111.png
0,0,[0.5684454 0.4315546],fake/mid_459_1001.png
0,0,[0.63246924 0.36753076],fake/mid_460_1111.png
0,0,[0.56628186 0.43371814],fake/mid_461_1100.png
0,0,[0.5051309  0.49486908],fake/mid_462_1101.png
0,0,[9.9999726e-01 2.7843419e-06],fake/mid_463_0100.png
0,0,[0.5580004  0.44199958],fake/mid_464_1111.png
0,0,[0.800809   0.19919102],fake/mid_465_1111.png
0,0,[0.54927677 0.45072323],fake/mid_466_1111.png
0,0,[0.6246206  0.37537938],fake/mid_467_1111.png
0,0,[0.6334632 0.3665368],fake/mid_468_1110.png
0,1,[0.4974448 0.5025552],fake/mid_469_1111.png
0,0,[1.0000000e+00 1.9072389e-15],fake/mid_470_1001.png
0,0,[0.5815312  0.41846874],fake/mid_471_1111.png
0,1,[0.43913522 0.5608648 ],fake/mid_472_1101.png
0,0,[0.60890645 0.39109355],fake/mid_473_0011.png
0,0,[0.60447377 0.39552626],fake/mid_474_1110.png
0,0,[0.522949   0.47705108],fake/mid_475_1111.png
0,0,[0.5022158  0.49778423],fake/mid_476_1111.png
0,0,[0.6760953  0.32390472],fake/mid_477_1100.png
0,0,[0.64347804 0.35652196],fake/mid_478_1101.png
0,0,[0.6413811  0.35861886],fake/mid_479_1111.png
0,0,[1.0000000e+00 1.2220421e-30],fake/mid_480_1111.png
0,1,[0.4413628  0.55863714],fake/mid_97_1111.png
0,1,[0.28587148 0.71412855],fake/mid_98_1111.png
0,1,[0.49152792 0.508472  ],fake/mid_99_1100.png
1,1,[0.47650337 0.5234966 ],real/real_00217.png
1,1,[0.445249   0.55475104],real/real_00218.png
1,1,[0.44158092 0.5584191 ],real/real_00220.png
1,0,[0.51609784 0.48390213],real/real_00221.png
1,1,[0.42755535 0.5724446 ],real/real_00223.png
1,0,[0.63347936 0.36652073],real/real_00225.png
1,1,[0.22412343 0.7758765 ],real/real_00226.png
1,0,[0.6382359 0.3617641],real/real_00227.png
1,1,[0. 1.],real/real_00228.png
1,0,[0.60481817 0.39518183],real/real_00229.png
1,0,[0.5561274 0.4438726],real/real_00230.png
1,1,[0.31885564 0.68114436],real/real_00231.png
1,1,[0.46908966 0.5309104 ],real/real_00232.png
1,0,[0.5614415 0.4385585],real/real_00233.png
1,1,[0.46380195 0.5361981 ],real/real_00234.png
1,1,[0.3907823  0.60921776],real/real_00235.png
1,0,[0.5587332  0.44126678],real/real_00236.png
1,1,[0.44412228 0.55587775],real/real_00237.png
1,0,[0.7334994 0.2665006],real/real_00239.png
1,1,[0.46693292 0.5330671 ],real/real_00241.png
1,1,[0.47603804 0.52396196],real/real_00242.png
1,1,[0.43640643 0.56359357],real/real_00243.png
1,0,[0.5466133  0.45338678],real/real_00244.png
1,1,[0.48206812 0.5179318 ],real/real_00245.png
1,1,[0.46273163 0.5372684 ],real/real_00246.png
1,1,[0.4636146 0.5363854],real/real_00248.png
1,0,[0.5887867  0.41121328],real/real_00249.png
1,1,[0.44492522 0.5550748 ],real/real_00250.png
1,1,[0.49266127 0.5073387 ],real/real_00251.png
1,0,[0.5723299  0.42767015],real/real_00252.png
1,1,[0.39688188 0.6031181 ],real/real_00253.png
1,1,[0.43561032 0.5643897 ],real/real_00255.png
1,0,[0.5184274 0.4815726],real/real_00256.png
1,1,[0.4570707  0.54292935],real/real_00257.png
1,1,[0.3914459 0.6085541],real/real_00258.png
1,1,[0.4816179  0.51838213],real/real_00260.png
1,0,[0.5428938  0.45710617],real/real_00261.png
1,1,[0.2694204 0.7305796],real/real_00262.png
1,0,[0.60481006 0.39518988],real/real_00263.png
1,1,[0.45732135 0.5426787 ],real/real_00264.png
1,1,[0.40445393 0.59554607],real/real_00265.png
1,1,[0.43350926 0.56649077],real/real_00266.png
1,0,[0.50991875 0.49008122],real/real_00267.png
1,0,[0.52747613 0.4725239 ],real/real_00268.png
1,1,[0.45639235 0.5436076 ],real/real_00269.png
1,0,[0.52366334 0.4763366 ],real/real_00270.png
1,0,[0.5968212  0.40317878],real/real_00271.png
1,0,[0.5022121 0.4977878],real/real_00272.png
1,1,[0.47779992 0.52220005],real/real_00273.png
1,1,[0.45869023 0.54130983],real/real_00274.png
1,1,[0.45259002 0.54741   ],real/real_00275.png
1,1,[0.11424919 0.88575083],real/real_00276.png
1,1,[0.46438858 0.53561133],real/real_00277.png
1,1,[0.49038333 0.5096167 ],real/real_00278.png
1,1,[0.48670822 0.5132918 ],real/real_00279.png
1,1,[0.0081832 0.9918168],real/real_00280.png
1,1,[0.49687606 0.5031239 ],real/real_00281.png
1,1,[0.41220465 0.5877953 ],real/real_00282.png
1,1,[0.49111912 0.5088809 ],real/real_00283.png
1,1,[0.47055247 0.52944756],real/real_00284.png
1,0,[0.5163833 0.4836167],real/real_00285.png
1,1,[0.46723467 0.5327653 ],real/real_00286.png
1,1,[0.45255104 0.54744893],real/real_00287.png
1,1,[0.44359362 0.5564063 ],real/real_00288.png
1,1,[0.08811228 0.9118877 ],real/real_00289.png
1,0,[0.51804453 0.4819554 ],real/real_00290.png
1,0,[0.5281844  0.47181562],real/real_00291.png
1,1,[0.44505858 0.5549414 ],real/real_00292.png
1,1,[0.4580466  0.54195344],real/real_00293.png
1,1,[0.45572    0.54427993],real/real_00294.png
1,1,[0.10092616 0.89907384],real/real_00295.png
1,0,[0.50434446 0.4956556 ],real/real_00296.png
1,1,[0.48973906 0.510261  ],real/real_00297.png
1,1,[0.4188594  0.58114064],real/real_00298.png
1,1,[0.47126228 0.5287377 ],real/real_00300.png
1,1,[0.4462644 0.5537357],real/real_00302.png
1,1,[0.4714996  0.52850044],real/real_00303.png
1,1,[0.41810545 0.5818945 ],real/real_00304.png
1,1,[0.30795452 0.6920455 ],real/real_00305.png
1,1,[0.4781982  0.52180177],real/real_00306.png
1,1,[0.48821497 0.511785  ],real/real_00307.png
1,0,[0.519729   0.48027104],real/real_00310.png
1,0,[0.50197875 0.4980213 ],real/real_00311.png
1,1,[0.47442588 0.5255741 ],real/real_00312.png
1,1,[0.4687707  0.53122926],real/real_00313.png
1,1,[0.40027228 0.5997277 ],real/real_00314.png
1,1,[0.45060316 0.5493969 ],real/real_00315.png
1,1,[0.41881007 0.58118993],real/real_00316.png
1,0,[0.51657516 0.4834249 ],real/real_00317.png
1,1,[0.4246085 0.5753915],real/real_00318.png
1,1,[0.43026415 0.5697358 ],real/real_00320.png
1,1,[0.4476503 0.5523497],real/real_00321.png
1,1,[0.4929183 0.5070816],real/real_00322.png
1,1,[0.41676465 0.5832353 ],real/real_00323.png
1,0,[0.5719172  0.42808285],real/real_00324.png
1,1,[0.45680982 0.5431902 ],real/real_00325.png
1,1,[0.41504973 0.58495027],real/real_00326.png
1,1,[0.40186462 0.59813535],real/real_00327.png
1,1,[0.3557879 0.6442121],real/real_00328.png
1,1,[0.4101593 0.5898407],real/real_00329.png
1,1,[0.45690233 0.5430976 ],real/real_00330.png
1,1,[0.45478302 0.545217  ],real/real_00331.png
1,0,[0.5665757 0.4334243],real/real_00332.png
1,1,[0.14024946 0.8597505 ],real/real_00333.png
1,0,[0.5269522 0.4730478],real/real_00334.png
1,1,[0.4411452  0.55885476],real/real_00335.png
1,1,[0.05482716 0.9451728 ],real/real_00336.png
1,0,[0.54596543 0.45403457],real/real_00337.png
1,0,[0.5278602  0.47213978],real/real_00339.png
1,1,[0.2612266 0.7387734],real/real_00340.png
1,1,[0.2829098 0.7170902],real/real_00341.png
1,1,[0.45215136 0.54784864],real/real_00342.png
1,0,[0.52004784 0.47995216],real/real_00343.png
1,1,[0.45667127 0.54332876],real/real_00344.png
1,1,[0.41952556 0.58047444],real/real_00345.png
1,1,[0.07401507 0.925985  ],real/real_00346.png
1,1,[0.47420678 0.5257932 ],real/real_00347.png
1,0,[0.5414435  0.45855644],real/real_00348.png
1,0,[0.516775   0.48322502],real/real_00349.png
1,1,[0.46944314 0.5305568 ],real/real_00350.png
1,1,[0.20701103 0.792989  ],real/real_00351.png
1,1,[0.40127483 0.5987252 ],real/real_00352.png
1,1,[0.47177657 0.52822345],real/real_00353.png
1,1,[0.46422684 0.53577316],real/real_00354.png
1,1,[0.47801036 0.5219897 ],real/real_00355.png
1,1,[0.39919883 0.60080117],real/real_00356.png
1,1,[0.48578092 0.514219  ],real/real_00357.png
1,0,[0.55895096 0.44104904],real/real_00358.png
1,1,[0.47277603 0.5272239 ],real/real_00360.png
1,1,[0.48113918 0.5188608 ],real/real_00361.png
1,0,[0.6192775  0.38072252],real/real_00363.png
1,1,[0.47075358 0.5292464 ],real/real_00364.png
1,1,[0.45687848 0.5431216 ],real/real_00365.png
1,1,[0.4610336  0.53896636],real/real_00366.png
1,1,[0.49049085 0.5095092 ],real/real_00367.png
1,1,[0.44206265 0.55793744],real/real_00368.png
1,1,[0.4619761 0.5380239],real/real_00370.png
1,1,[0.4493932 0.5506068],real/real_00371.png
1,1,[0.4256672  0.57433283],real/real_00372.png
1,1,[0.4339792 0.5660208],real/real_00373.png
1,1,[0.4748674 0.5251326],real/real_00375.png
1,1,[0.45315218 0.5468478 ],real/real_00376.png
1,1,[0.47716996 0.52283007],real/real_00377.png
1,1,[0.49288163 0.50711834],real/real_00378.png
1,1,[0.36870843 0.63129157],real/real_00379.png
1,1,[0.2649782  0.73502177],real/real_00380.png
1,0,[0.50252277 0.49747723],real/real_00381.png
1,1,[0.46157962 0.5384204 ],real/real_00382.png
1,1,[0.33837822 0.6616218 ],real/real_00383.png
1,1,[0.31083864 0.68916136],real/real_00384.png
1,1,[0.22147356 0.7785264 ],real/real_00385.png
1,1,[0.3982189 0.6017812],real/real_00386.png
1,1,[0.46882358 0.53117645],real/real_00387.png
1,1,[0.42015263 0.5798473 ],real/real_00388.png
1,1,[0.37698105 0.623019  ],real/real_00390.png
1,1,[0.45396814 0.54603183],real/real_00391.png
1,0,[0.5153304 0.4846696],real/real_00392.png
1,1,[0.47888306 0.5211169 ],real/real_00393.png
1,1,[0.45153826 0.54846174],real/real_00394.png
1,0,[0.54889995 0.45110005],real/real_00395.png
1,1,[0.47667181 0.5233281 ],real/real_00396.png
1,0,[0.53835064 0.4616493 ],real/real_00397.png
1,1,[0.49050006 0.50949997],real/real_00398.png
1,0,[0.5104219  0.48957813],real/real_00400.png
1,0,[0.55381393 0.44618607],real/real_00401.png
1,1,[0.476061  0.5239391],real/real_00402.png
1,1,[0.00778255 0.9922174 ],real/real_00403.png
1,0,[0.64063    0.35937002],real/real_00404.png
1,0,[0.5636648  0.43633527],real/real_00405.png
1,1,[0.41684046 0.58315957],real/real_00406.png
1,1,[0.45558563 0.54441434],real/real_00407.png
1,1,[0.45502296 0.544977  ],real/real_00409.png
1,1,[0.040766 0.959234],real/real_00410.png
1,0,[0.5359182 0.4640818],real/real_00411.png
1,0,[0.5878713 0.4121287],real/real_00412.png
1,0,[0.53721964 0.4627804 ],real/real_00413.png
1,0,[0.7174318  0.28256816],real/real_00414.png
1,1,[0.47751975 0.5224802 ],real/real_00415.png
1,0,[0.5218363 0.4781637],real/real_00416.png
1,1,[0.42550993 0.5744901 ],real/real_00417.png
1,1,[0.43625835 0.5637416 ],real/real_00418.png
1,1,[0.45321223 0.5467878 ],real/real_00419.png
1,0,[0.59339625 0.4066037 ],real/real_00420.png
1,1,[0.49243328 0.5075668 ],real/real_00421.png
1,1,[0.4319312  0.56806886],real/real_00422.png
1,1,[0.38624692 0.6137531 ],real/real_00424.png
1,0,[0.56898206 0.43101802],real/real_00425.png
1,0,[0.548514 0.451486],real/real_00426.png
1,0,[0.50643206 0.49356797],real/real_00427.png
1,1,[0.44302937 0.5569707 ],real/real_00429.png
1,1,[0.25606972 0.7439302 ],real/real_00431.png
1,0,[0.51433396 0.4856661 ],real/real_00432.png
1,1,[0.45838603 0.54161406],real/real_00433.png
1,1,[0.46046504 0.5395349 ],real/real_00434.png
1,0,[0.6752754  0.32472458],real/real_00436.png
1,0,[0.5087963  0.49120373],real/real_00437.png
1,1,[0.20711818 0.79288185],real/real_00438.png
1,1,[0.4816089 0.518391 ],real/real_00439.png
1,1,[0.23951517 0.76048476],real/real_00440.png
1,1,[0.38697684 0.61302316],real/real_00441.png
1,1,[0.4710589  0.52894115],real/real_00442.png
1,1,[0.4073035 0.5926965],real/real_00444.png
1,1,[0.45555517 0.5444448 ],real/real_00445.png
1,1,[0.49496764 0.50503236],real/real_00446.png
1,1,[0.4492234  0.55077654],real/real_00447.png
1,1,[0.43121645 0.5687835 ],real/real_00448.png
1,1,[0.4861346 0.5138655],real/real_00449.png
1,1,[0.44090697 0.559093  ],real/real_00450.png
1,1,[0.3694052 0.6305948],real/real_00451.png
1,1,[0.4333931  0.56660694],real/real_00452.png
1,0,[0.50791734 0.49208266],real/real_00453.png
1,0,[0.5209394  0.47906053],real/real_00454.png
1,0,[0.52058107 0.4794189 ],real/real_00456.png
1,0,[0.5342988  0.46570122],real/real_00457.png
1,1,[0.48115584 0.51884425],real/real_00458.png
1,1,[0.04684955 0.9531505 ],real/real_00459.png
1,1,[0.49814126 0.5018587 ],real/real_00460.png
1,1,[0.4415651 0.5584349],real/real_00461.png
1,1,[0.48368323 0.5163168 ],real/real_00462.png
1,1,[0.41744342 0.5825566 ],real/real_00463.png
1,1,[0.48100126 0.51899874],real/real_00464.png
1,1,[0.4498713 0.5501287],real/real_00465.png
1,1,[0.47219402 0.52780604],real/real_00466.png
1,1,[0.40987426 0.5901257 ],real/real_00468.png
1,1,[0.47482413 0.52517587],real/real_00469.png
1,0,[0.6101867 0.3898133],real/real_00470.png
1,1,[0.47644445 0.5235555 ],real/real_00471.png
1,0,[0.58061683 0.4193832 ],real/real_00472.png
1,1,[0.47609526 0.52390474],real/real_00473.png
1,1,[0.4974448 0.5025552],real/real_00475.png
1,0,[0.56682074 0.43317923],real/real_00476.png
1,1,[0.49306116 0.5069388 ],real/real_00477.png
1,1,[0.47436693 0.5256331 ],real/real_00478.png
1,1,[0.45920742 0.5407926 ],real/real_00479.png
1,0,[0.56391734 0.4360827 ],real/real_00480.png
1,1,[0.45868206 0.54131794],real/real_00481.png
1,1,[0.4717212  0.52827877],real/real_00482.png
1,1,[0.44574046 0.5542596 ],real/real_00483.png
1,1,[0.44873682 0.5512632 ],real/real_00484.png
1,1,[0.21569309 0.78430694],real/real_00485.png
1,1,[0.3263783  0.67362165],real/real_00486.png
1,0,[0.615947   0.38405296],real/real_00487.png
1,1,[0.41940337 0.58059657],real/real_00488.png
1,1,[0.4760091 0.523991 ],real/real_00489.png
1,0,[0.55256027 0.44743973],real/real_00490.png
1,0,[0.52895236 0.4710476 ],real/real_00491.png
1,1,[0.3798169 0.6201831],real/real_00492.png
1,0,[0.54583    0.45416996],real/real_00494.png
1,0,[0.5315141  0.46848586],real/real_00495.png
1,0,[0.50398374 0.49601623],real/real_00496.png
1,1,[0.47853178 0.5214682 ],real/real_00497.png
1,0,[0.5311729  0.46882707],real/real_00498.png
1,1,[0.3532236 0.6467764],real/real_00499.png
1,1,[3.3975508e-07 9.9999964e-01],real/real_00500.png
1,1,[0.45864958 0.5413504 ],real/real_00501.png
1,0,[0.59711015 0.40288988],real/real_00502.png
1,0,[0.620995   0.37900493],real/real_00503.png
1,1,[0.4954414  0.50455856],real/real_00504.png
1,1,[0.4402099 0.5597901],real/real_00505.png
1,1,[0.40872434 0.5912757 ],real/real_00506.png
1,1,[0.49033552 0.50966454],real/real_00507.png
1,0,[0.50778097 0.49221897],real/real_00508.png
1,1,[0.48727262 0.5127273 ],real/real_00509.png
1,1,[0.3143552 0.6856448],real/real_00511.png
1,1,[0.40534964 0.5946504 ],real/real_00512.png
1,1,[1.8072259e-06 9.9999821e-01],real/real_00514.png
1,1,[0.41429394 0.5857061 ],real/real_00515.png
1,0,[0.50418115 0.49581882],real/real_00516.png
1,1,[0.44488534 0.5551146 ],real/real_00517.png
1,1,[0.46915704 0.5308429 ],real/real_00518.png
1,1,[0.00756088 0.99243915],real/real_00519.png
1,1,[0.4900684  0.50993156],real/real_00520.png
1,0,[0.548544   0.45145598],real/real_00521.png
1,1,[0.0015856 0.9984144],real/real_00522.png
1,0,[0.54666066 0.45333934],real/real_00523.png
1,0,[0.5429049  0.45709515],real/real_00524.png
1,1,[0.47967678 0.5203233 ],real/real_00525.png
1,0,[0.6165816 0.3834184],real/real_00526.png
1,0,[0.62757236 0.3724276 ],real/real_00527.png
1,0,[0.54094994 0.4590501 ],real/real_00528.png
1,1,[0.49727666 0.50272334],real/real_00529.png
1,1,[0.43047002 0.56953007],real/real_00530.png
1,1,[0.49428618 0.5057139 ],real/real_00531.png
1,1,[0.46211103 0.53788894],real/real_00532.png
1,1,[0.18869959 0.81130046],real/real_00533.png
1,1,[0.43796977 0.56203026],real/real_00534.png
1,1,[0.4974448 0.5025552],real/real_00535.png
1,1,[0.44787782 0.55212224],real/real_00536.png
1,1,[0.4537073  0.54629266],real/real_00537.png
1,1,[0.4305293  0.56947064],real/real_00538.png
1,1,[0.44746244 0.5525375 ],real/real_00539.png
1,1,[0.0403005 0.9596996],real/real_00540.png
1,0,[0.60812545 0.39187455],real/real_00541.png
1,1,[0.1803964 0.8196036],real/real_00542.png
1,1,[7.3546381e-04 9.9926454e-01],real/real_00543.png
1,1,[0.436858 0.563142],real/real_00544.png
1,1,[0.47195736 0.5280427 ],real/real_00545.png
1,1,[0.49419582 0.5058042 ],real/real_00546.png
1,1,[0.45339796 0.546602  ],real/real_00547.png
1,1,[0.46835932 0.5316407 ],real/real_00548.png
1,1,[0.45263553 0.5473645 ],real/real_00549.png
1,1,[0.07429387 0.9257061 ],real/real_00550.png
1,0,[0.52193785 0.47806215],real/real_00551.png
1,1,[0.21013474 0.7898652 ],real/real_00552.png
1,1,[0.43031952 0.5696805 ],real/real_00553.png
1,1,[0.49942622 0.5005738 ],real/real_00554.png
1,1,[0.11164422 0.8883558 ],real/real_00556.png
1,1,[0.4549838 0.5450163],real/real_00557.png
1,1,[0.48346785 0.5165322 ],real/real_00558.png
1,1,[0.43476713 0.5652328 ],real/real_00559.png
1,1,[0.43789056 0.5621095 ],real/real_00560.png
1,1,[0.47568467 0.52431536],real/real_00561.png
1,0,[0.5939353  0.40606466],real/real_00562.png
1,1,[0.31198117 0.6880188 ],real/real_00563.png
1,0,[0.50624895 0.49375108],real/real_00564.png
1,1,[0.47064346 0.52935654],real/real_00565.png
1,1,[0.37305975 0.6269402 ],real/real_00566.png
1,0,[0.5256877  0.47431228],real/real_00567.png
1,1,[0.4954822 0.5045178],real/real_00568.png
1,1,[0.47038776 0.5296122 ],real/real_00569.png
1,1,[0.46391767 0.53608227],real/real_00570.png
1,0,[0.5459779 0.4540221],real/real_00571.png
1,1,[0.29536933 0.7046307 ],real/real_00572.png
1,1,[0.45506793 0.544932  ],real/real_00573.png
1,1,[0.45810002 0.5419    ],real/real_00574.png
1,0,[0.5336598  0.46634018],real/real_00575.png
1,1,[0.49187165 0.50812835],real/real_00576.png
1,1,[0.36931768 0.63068235],real/real_00577.png
1,1,[0.30826485 0.6917351 ],real/real_00578.png
1,0,[0.5849342  0.41506582],real/real_00579.png
1,1,[0.25937223 0.74062777],real/real_00580.png
1,1,[0.41481224 0.58518773],real/real_00581.png
1,1,[0.19582184 0.8041781 ],real/real_00582.png
1,1,[0.44269195 0.557308  ],real/real_00583.png
1,0,[0.5233928  0.47660717],real/real_00584.png
1,0,[0.5003549  0.49964505],real/real_00585.png
1,0,[0.62014043 0.37985957],real/real_00586.png
1,0,[0.5416625 0.4583375],real/real_00588.png
1,1,[0.4042518 0.5957481],real/real_00589.png
1,1,[0.42539448 0.5746055 ],real/real_00590.png
1,1,[0.15777023 0.8422298 ],real/real_00591.png
1,1,[0.33785847 0.66214144],real/real_00592.png
1,0,[0.6254565  0.37454346],real/real_00594.png
1,1,[0.46265742 0.53734255],real/real_00595.png
1,1,[0.43830407 0.5616959 ],real/real_00596.png
1,1,[0.4386977 0.5613023],real/real_00597.png
1,1,[0.41177928 0.58822066],real/real_00598.png
1,1,[0.47106785 0.52893215],real/real_00599.png
1,0,[0.5391405  0.46085948],real/real_00600.png
1,1,[0.35603666 0.64396334],real/real_00601.png
1,0,[0.5290637 0.4709362],real/real_00603.png
1,1,[0.42233977 0.57766026],real/real_00604.png
1,1,[0.33843094 0.66156906],real/real_00605.png
1,1,[0.494149  0.5058509],real/real_00606.png
1,1,[0.4152756 0.5847245],real/real_00609.png
1,1,[0.47106108 0.5289389 ],real/real_00610.png
1,1,[0.46889663 0.5311034 ],real/real_00611.png
1,1,[0.4583701 0.5416299],real/real_00612.png
1,1,[0.4495656  0.55043447],real/real_00614.png
1,1,[0.49422413 0.5057759 ],real/real_00615.png
1,1,[0.42626962 0.57373047],real/real_00616.png
1,0,[0.5674074  0.43259263],real/real_00617.png
1,0,[0.51776    0.48224005],real/real_00618.png
1,1,[0.40440843 0.59559155],real/real_00619.png
1,0,[0.51572317 0.4842768 ],real/real_00620.png
1,1,[0.48305959 0.5169404 ],real/real_00621.png
1,1,[0.488474 0.511526],real/real_00622.png
1,1,[0.46232617 0.5376738 ],real/real_00624.png
1,1,[0.03855019 0.9614498 ],real/real_00625.png
1,1,[0.43418533 0.5658147 ],real/real_00626.png
1,1,[0.4621438  0.53785616],real/real_00627.png
1,1,[0.4800955 0.5199045],real/real_00629.png
1,1,[0.02527755 0.9747225 ],real/real_00630.png
1,1,[0.4857295  0.51427054],real/real_00631.png
1,1,[0.00382283 0.9961772 ],real/real_00632.png
1,1,[0.4360478 0.5639522],real/real_00633.png
1,0,[0.55739    0.44261006],real/real_00634.png
1,1,[0.47786108 0.5221389 ],real/real_00635.png
1,1,[0.456946   0.54305404],real/real_00636.png
1,1,[0.48384827 0.5161517 ],real/real_00637.png
1,1,[0.47260204 0.527398  ],real/real_00638.png
1,1,[0.41217798 0.587822  ],real/real_00639.png
1,1,[0.48541477 0.51458526],real/real_00640.png
1,0,[0.5249717  0.47502825],real/real_00641.png
1,0,[0.57231456 0.4276854 ],real/real_00642.png
1,1,[0.4432384 0.5567616],real/real_00643.png
1,1,[0.47270477 0.52729523],real/real_00644.png
1,1,[0.4656266  0.53437334],real/real_00645.png
1,1,[0.3885027 0.6114973],real/real_00646.png
1,1,[0.4670997 0.5329003],real/real_00647.png
1,1,[0.42533526 0.5746647 ],real/real_00648.png
1,1,[0.44425154 0.55574846],real/real_00649.png
1,1,[0.4431505 0.5568496],real/real_00650.png
1,1,[0.47251928 0.5274807 ],real/real_00651.png
1,1,[0.40299258 0.59700745],real/real_00652.png
1,1,[0.48685035 0.5131497 ],real/real_00653.png
1,1,[0.46801677 0.5319832 ],real/real_00654.png
1,1,[1.229186e-15 1.000000e+00],real/real_00656.png
1,1,[0.00139239 0.9986077 ],real/real_00657.png
1,0,[0.5028942  0.49710572],real/real_00658.png
1,1,[0.41373414 0.58626586],real/real_00659.png
1,1,[0.43523526 0.5647647 ],real/real_00660.png
1,1,[0.49418774 0.50581217],real/real_00661.png
1,1,[0.15339999 0.8466    ],real/real_00662.png
1,1,[0.39793703 0.60206294],real/real_00663.png
1,1,[0.45895886 0.5410411 ],real/real_00664.png
1,1,[0.44614694 0.55385303],real/real_00665.png
1,1,[0.49346167 0.5065383 ],real/real_00666.png
1,0,[0.50767416 0.49232584],real/real_00667.png
1,1,[0.48150253 0.51849747],real/real_00668.png
1,0,[0.5830603  0.41693968],real/real_00669.png
1,1,[0.43095726 0.5690428 ],real/real_00670.png
1,1,[0.4392974 0.5607026],real/real_00672.png
1,1,[0.45450637 0.54549366],real/real_00673.png
1,1,[0.45063677 0.54936326],real/real_00675.png
1,1,[0.43882227 0.56117773],real/real_00676.png
1,0,[0.6410979 0.3589021],real/real_00677.png
1,1,[0.14272988 0.8572702 ],real/real_00678.png
1,1,[0.45190677 0.5480932 ],real/real_00679.png
1,0,[0.5266093  0.47339064],real/real_00680.png
1,1,[0.49661437 0.50338566],real/real_00681.png
1,1,[0.23000103 0.769999  ],real/real_00682.png
1,1,[0.43706602 0.562934  ],real/real_00683.png
1,1,[0.3824636  0.61753637],real/real_00684.png
1,0,[0.5080383 0.4919617],real/real_00685.png
1,1,[0.42748958 0.5725104 ],real/real_00686.png
1,1,[0.45966974 0.5403302 ],real/real_00687.png
1,0,[0.5155217 0.4844783],real/real_00689.png
1,1,[0.4139523 0.5860477],real/real_00690.png
1,1,[0.4286099 0.5713901],real/real_00691.png
1,1,[0.4753519 0.524648 ],real/real_00693.png
1,0,[0.5136872  0.48631287],real/real_00694.png
1,1,[0.4993333 0.5006667],real/real_00695.png
1,0,[0.5143654  0.48563465],real/real_00698.png
1,0,[0.60400236 0.39599758],real/real_00699.png
1,1,[0.47621983 0.52378017],real/real_00700.png
1,0,[0.5505308  0.44946927],real/real_00701.png
1,1,[0.4771008  0.52289927],real/real_00702.png
1,1,[0.4273819 0.5726181],real/real_00703.png
1,1,[0.4240162  0.57598376],real/real_00707.png
1,1,[0.49022362 0.5097764 ],real/real_00708.png
1,1,[0.42126715 0.57873285],real/real_00709.png
1,1,[0.4441699  0.55583006],real/real_00710.png
1,1,[0.38999552 0.6100044 ],real/real_00711.png
1,1,[0.49735147 0.50264853],real/real_00712.png
1,1,[0.40892065 0.59107935],real/real_00713.png
1,1,[0.47634736 0.5236527 ],real/real_00714.png
1,1,[0.4357167  0.56428325],real/real_00715.png
1,1,[0.00149175 0.9985083 ],real/real_00716.png
1,1,[0.46109518 0.53890485],real/real_00717.png
1,1,[0.23778574 0.76221424],real/real_00718.png
1,1,[0.48121223 0.5187878 ],real/real_00719.png
1,1,[0.4591184  0.54088163],real/real_00720.png
1,1,[0.4847036  0.51529634],real/real_00721.png
1,1,[0.42060918 0.5793908 ],real/real_00724.png
1,0,[0.57758015 0.4224199 ],real/real_00725.png
1,0,[0.54170763 0.4582923 ],real/real_00726.png
1,0,[0.5378701  0.46212992],real/real_00727.png
1,1,[0.49527884 0.50472116],real/real_00729.png
1,1,[0.40878168 0.5912183 ],real/real_00730.png
1,0,[0.56027174 0.43972832],real/real_00731.png
1,0,[0.50393754 0.4960624 ],real/real_00732.png
1,1,[0.4120533 0.5879468],real/real_00733.png
1,1,[0.45466188 0.5453382 ],real/real_00734.png
1,1,[9.447078e-06 9.999906e-01],real/real_00735.png
1,1,[0.28410769 0.7158923 ],real/real_00736.png
1,0,[0.65622455 0.34377536],real/real_00737.png
1,0,[0.5850657 0.4149343],real/real_00738.png
1,0,[0.53986734 0.4601327 ],real/real_00739.png
1,1,[0.48259902 0.5174009 ],real/real_00740.png
1,1,[0.49746826 0.5025317 ],real/real_00741.png
1,1,[0.4404647 0.5595353],real/real_00742.png
1,0,[0.5067255  0.49327457],real/real_00744.png
1,1,[0.47426972 0.52573025],real/real_00745.png
1,1,[0.4687758 0.5312242],real/real_00746.png
1,0,[0.5996139  0.40038615],real/real_00747.png
1,1,[0.48421735 0.5157826 ],real/real_00748.png
1,0,[0.5087218  0.49127817],real/real_00749.png
1,0,[0.50974715 0.49025282],real/real_00750.png
1,0,[0.58143187 0.4185682 ],real/real_00751.png
1,0,[0.51847345 0.4815266 ],real/real_00752.png
1,1,[0.48448348 0.5155166 ],real/real_00753.png
1,1,[0.46144179 0.5385582 ],real/real_00754.png
1,0,[0.55833423 0.44166577],real/real_00755.png
1,0,[0.52681714 0.47318292],real/real_00756.png
1,1,[0.445222 0.554778],real/real_00757.png
1,0,[0.5732009 0.4267991],real/real_00758.png
1,1,[0.47944343 0.5205565 ],real/real_00759.png
1,0,[0.6340137  0.36598632],real/real_00760.png
1,1,[0.00424816 0.99575186],real/real_00762.png
1,1,[6.683063e-05 9.999331e-01],real/real_00763.png
1,1,[0.49833742 0.5016625 ],real/real_00765.png
1,0,[0.6874415 0.3125585],real/real_00766.png
1,1,[0.47565818 0.5243418 ],real/real_00767.png
1,0,[0.5158118  0.48418817],real/real_00768.png
1,1,[0.42824763 0.57175237],real/real_00769.png
1,0,[0.5751095  0.42489046],real/real_00770.png
1,1,[0.44720468 0.5527953 ],real/real_00771.png
1,1,[0.46788317 0.53211683],real/real_00772.png
1,1,[0.44556963 0.5544303 ],real/real_00773.png
1,0,[0.51252085 0.4874792 ],real/real_00774.png
1,1,[0.00744475 0.9925552 ],real/real_00775.png
1,1,[0.49059775 0.50940233],real/real_00776.png
1,1,[2.7385165e-04 9.9972612e-01],real/real_00777.png
1,1,[0.43355438 0.56644565],real/real_00778.png
1,1,[0.4405762 0.5594238],real/real_00779.png
1,1,[0.48254046 0.5174595 ],real/real_00780.png
1,1,[0.47165963 0.5283404 ],real/real_00781.png
1,1,[0.20661117 0.79338884],real/real_00782.png
1,0,[0.53266966 0.46733034],real/real_00783.png
1,1,[0.00321212 0.9967879 ],real/real_00784.png
1,1,[0.45909724 0.5409028 ],real/real_00785.png
1,0,[0.50329983 0.49670017],real/real_00786.png
1,1,[0.452969  0.5470309],real/real_00787.png
1,0,[0.5324068  0.46759322],real/real_00788.png
1,1,[3.7330878e-04 9.9962664e-01],real/real_00789.png
1,0,[0.5906718  0.40932825],real/real_00790.png
1,1,[0.4384611 0.5615389],real/real_00791.png
1,0,[0.6382946  0.36170536],real/real_00792.png
1,1,[0.45296064 0.5470394 ],real/real_00793.png
1,1,[0.41921204 0.58078796],real/real_00794.png
1,1,[0.4888724  0.51112753],real/real_00795.png
1,1,[0.47743848 0.52256143],real/real_00797.png
1,1,[0.448135 0.551865],real/real_00799.png
1,1,[0.05714555 0.94285446],real/real_00800.png
1,1,[0.3804239 0.6195761],real/real_00801.png
1,1,[0.46751222 0.53248775],real/real_00802.png
1,1,[0.39214587 0.6078541 ],real/real_00803.png
1,1,[0.45156476 0.5484352 ],real/real_00805.png
1,1,[0.26820666 0.7317933 ],real/real_00808.png
1,1,[0.46719742 0.5328025 ],real/real_00809.png
1,1,[0.4974448 0.5025552],real/real_00810.png
1,1,[0.46430594 0.535694  ],real/real_00811.png
1,1,[0.47916284 0.5208371 ],real/real_00812.png
1,1,[0.44466004 0.55534   ],real/real_00813.png
1,1,[0.30676672 0.6932333 ],real/real_00815.png
1,1,[0.32963637 0.6703636 ],real/real_00816.png
1,1,[0.49545327 0.50454664],real/real_00817.png
1,1,[0.00107845 0.99892163],real/real_00818.png
1,1,[0.47688177 0.52311826],real/real_00819.png
1,1,[0.44553328 0.5544667 ],real/real_00820.png
1,1,[5.1539438e-04 9.9948454e-01],real/real_00821.png
1,1,[0.33778346 0.66221654],real/real_00822.png
1,1,[0.45808437 0.54191566],real/real_00823.png
1,0,[0.5038907 0.4961093],real/real_00824.png
1,1,[0.42498413 0.5750159 ],real/real_00825.png
1,1,[0.48814687 0.5118531 ],real/real_00826.png
1,0,[0.58592445 0.41407552],real/real_00827.png
1,1,[0.39998963 0.60001034],real/real_00828.png
1,0,[0.53954905 0.46045092],real/real_00829.png
1,1,[0.48481643 0.5151836 ],real/real_00830.png
1,0,[0.5937191 0.4062809],real/real_00831.png
1,1,[0.48592156 0.5140784 ],real/real_00832.png
1,1,[0.42575124 0.5742488 ],real/real_00833.png
1,1,[0.46671897 0.533281  ],real/real_00835.png
1,1,[0.44616765 0.5538324 ],real/real_00836.png
1,1,[0.17410852 0.8258915 ],real/real_00837.png
1,1,[0.45919806 0.54080194],real/real_00838.png
1,1,[0.498979   0.50102097],real/real_00839.png
1,0,[0.55273485 0.44726515],real/real_00840.png
1,0,[0.61669    0.38331008],real/real_00841.png
1,0,[0.5075738 0.4924262],real/real_00842.png
1,1,[0.47728834 0.52271163],real/real_00843.png
1,1,[0.41916788 0.5808321 ],real/real_00844.png
1,1,[0.44089407 0.5591059 ],real/real_00845.png
1,1,[0.45525622 0.54474384],real/real_00846.png
1,1,[0.47030118 0.52969885],real/real_00847.png
1,1,[0.49099267 0.5090073 ],real/real_00848.png
1,1,[0.3236094  0.67639065],real/real_00849.png
1,1,[0.09870344 0.9012966 ],real/real_00852.png
1,1,[0.25638708 0.7436129 ],real/real_00853.png
1,1,[0.14112735 0.8588726 ],real/real_00854.png
1,1,[0.4449222 0.5550778],real/real_00855.png
1,1,[0.4988501 0.5011499],real/real_00856.png
1,1,[0.4699097 0.5300903],real/real_00857.png
1,1,[0.4890104 0.5109896],real/real_00858.png
1,0,[0.5000124  0.49998766],real/real_00859.png
1,1,[0.42941862 0.5705814 ],real/real_00860.png
1,1,[0.44407806 0.555922  ],real/real_00861.png
1,1,[0.47525245 0.52474755],real/real_00862.png
1,0,[0.5199845  0.48001552],real/real_00863.png
1,1,[0.4830695 0.5169305],real/real_00864.png
1,1,[0.42332608 0.5766739 ],real/real_00865.png
1,1,[0.42399308 0.5760069 ],real/real_00866.png
1,1,[0.457952 0.542048],real/real_00868.png
1,0,[0.51655203 0.4834479 ],real/real_00869.png
1,0,[0.51551116 0.4844888 ],real/real_00871.png
1,1,[0.47195336 0.5280466 ],real/real_00872.png
1,1,[0.4068552  0.59314483],real/real_00873.png
1,0,[0.50993997 0.4900601 ],real/real_00874.png
1,1,[0.42861062 0.5713893 ],real/real_00875.png
1,1,[0.47297066 0.52702934],real/real_00877.png
1,1,[0.33517763 0.6648224 ],real/real_00878.png
1,1,[0.46721902 0.532781  ],real/real_00879.png
1,0,[0.59300894 0.40699106],real/real_00881.png
1,0,[0.5389113  0.46108878],real/real_00882.png
1,1,[0.40041754 0.59958243],real/real_00883.png
1,1,[0.45207137 0.5479286 ],real/real_00884.png
1,0,[0.7034817 0.2965184],real/real_00886.png
1,1,[0.00398802 0.996012  ],real/real_00888.png
1,0,[0.50571424 0.49428576],real/real_00889.png
1,1,[0.45929927 0.54070073],real/real_00890.png
1,1,[0.46872565 0.5312744 ],real/real_00891.png
1,1,[0.47298014 0.52701986],real/real_00892.png
1,1,[0.4378695 0.5621305],real/real_00893.png
1,0,[0.60136664 0.3986334 ],real/real_00896.png
1,1,[0.46042395 0.539576  ],real/real_00897.png
1,0,[0.5288998  0.47110024],real/real_00898.png
1,0,[0.58072984 0.41927016],real/real_00899.png
1,1,[0.13742106 0.862579  ],real/real_00900.png
1,1,[0.494692  0.5053079],real/real_00902.png
1,1,[0.42104846 0.57895154],real/real_00903.png
1,1,[0.37846625 0.6215337 ],real/real_00904.png
1,1,[0.4607351  0.53926486],real/real_00905.png
1,1,[0.43989035 0.5601096 ],real/real_00906.png
1,1,[0.3277222 0.6722778],real/real_00907.png
1,0,[0.5289935 0.4710066],real/real_00908.png
1,1,[0.487601 0.512399],real/real_00909.png
1,1,[0.49726766 0.50273234],real/real_00910.png
1,1,[0.4908052 0.5091948],real/real_00911.png
1,0,[0.5401184  0.45988157],real/real_00912.png
1,1,[0.00529062 0.9947094 ],real/real_00913.png
1,0,[0.5155733 0.4844267],real/real_00914.png
1,0,[0.58127797 0.41872212],real/real_00915.png
1,1,[0.40254647 0.59745353],real/real_00916.png
1,1,[0.45954224 0.5404577 ],real/real_00918.png
1,1,[0.42282593 0.577174  ],real/real_00919.png
1,1,[0.45931458 0.54068536],real/real_00920.png
1,1,[0.01080009 0.9891999 ],real/real_00921.png
1,1,[0.44163856 0.5583615 ],real/real_00922.png
1,0,[0.8342029  0.16579713],real/real_00923.png
1,1,[0.43846208 0.561538  ],real/real_00924.png
1,1,[0.19075903 0.80924094],real/real_00925.png
1,1,[0.19758995 0.80241007],real/real_00926.png
1,1,[0.46302018 0.5369798 ],real/real_00927.png
1,0,[0.51706153 0.4829384 ],real/real_00928.png
1,1,[0.4974448 0.5025552],real/real_00929.png
1,1,[0.4785943  0.52140576],real/real_00930.png
1,1,[0.45516717 0.5448328 ],real/real_00931.png
1,1,[0.4585509  0.54144907],real/real_00932.png
1,1,[0.46346825 0.5365318 ],real/real_00933.png
1,0,[0.56696445 0.43303555],real/real_00934.png
1,0,[0.5694297 0.4305703],real/real_00936.png
1,0,[0.5372458  0.46275416],real/real_00938.png
1,1,[0.38716412 0.6128359 ],real/real_00939.png
1,1,[0.49725935 0.5027406 ],real/real_00940.png
1,1,[0.48618543 0.5138145 ],real/real_00941.png
1,0,[0.63669956 0.36330044],real/real_00943.png
1,1,[0.49647674 0.5035233 ],real/real_00944.png
1,1,[0.46826413 0.53173584],real/real_00945.png
1,1,[0.4394393 0.5605607],real/real_00947.png
1,1,[0.43585807 0.5641419 ],real/real_00948.png
1,1,[0.419274 0.580726],real/real_00949.png
1,1,[0.4650155 0.5349845],real/real_00950.png
1,1,[0.42942086 0.57057905],real/real_00952.png
1,1,[0.34949413 0.65050584],real/real_00953.png
1,1,[0.4418221 0.5581779],real/real_00954.png
1,0,[0.6808368  0.31916317],real/real_00955.png
1,1,[0.43112874 0.56887126],real/real_00956.png
1,1,[0.45056614 0.5494339 ],real/real_00957.png
1,0,[0.52716833 0.47283164],real/real_00958.png
1,1,[0.45555797 0.5444421 ],real/real_00959.png
1,1,[0.48040837 0.5195917 ],real/real_00960.png
1,1,[0.40523615 0.5947638 ],real/real_00963.png
1,1,[0.46209833 0.53790164],real/real_00964.png
1,1,[0.44622704 0.5537729 ],real/real_00965.png
1,1,[0.28977135 0.7102287 ],real/real_00966.png
1,0,[0.5330335  0.46696657],real/real_00967.png
1,1,[0.44426805 0.55573195],real/real_00968.png
1,1,[0.21396774 0.7860322 ],real/real_00971.png
1,1,[0.44744632 0.5525538 ],real/real_00972.png
1,1,[0.44309914 0.5569008 ],real/real_00973.png
1,1,[0.44731155 0.5526884 ],real/real_00974.png
1,1,[0.4430582 0.5569418],real/real_00975.png
1,0,[0.7821976  0.21780239],real/real_00976.png
1,1,[0.3859113 0.6140887],real/real_00977.png
1,1,[0.4579813 0.5420187],real/real_00978.png
1,0,[0.80596364 0.19403635],real/real_00979.png
1,1,[0.3865652 0.6134348],real/real_00981.png
1,1,[0.43378672 0.56621325],real/real_00982.png
1,1,[0.46400988 0.5359901 ],real/real_00983.png
1,1,[0.17837057 0.8216294 ],real/real_00984.png
1,0,[0.58414245 0.41585758],real/real_00985.png
1,0,[0.50666565 0.4933343 ],real/real_00986.png
1,1,[0.48672825 0.51327175],real/real_00987.png
1,1,[0.4925015  0.50749856],real/real_00988.png
1,1,[0.48676854 0.5132315 ],real/real_00989.png
1,1,[0.45576888 0.54423106],real/real_00991.png
1,1,[0.36376172 0.6362383 ],real/real_00992.png
1,1,[0.4520952  0.54790473],real/real_00993.png
1,1,[0.43754113 0.5624589 ],real/real_00994.png
1,1,[0.4624466 0.5375533],real/real_00995.png
1,1,[0.43944973 0.5605502 ],real/real_00996.png
1,1,[0.4479042  0.55209583],real/real_00997.png
1,1,[0.41256982 0.5874301 ],real/real_00998.png
1,0,[0.62826645 0.37173355],real/real_00999.png
1,1,[0.46046516 0.5395348 ],real/real_01000.png
1,1,[0.46120548 0.5387945 ],real/real_01001.png
1,1,[0.48194388 0.5180561 ],real/real_01002.png
1,1,[0.49201694 0.507983  ],real/real_01003.png
1,1,[0.45971304 0.5402869 ],real/real_01004.png
1,0,[0.6326902  0.36730978],real/real_01006.png
1,1,[0.4960948  0.50390524],real/real_01007.png
1,0,[0.5639913  0.43600875],real/real_01008.png
1,1,[0.4677109 0.5322891],real/real_01009.png
1,1,[0.49598652 0.5040135 ],real/real_01010.png
1,1,[0.4974448 0.5025552],real/real_01011.png
1,1,[0.39167517 0.6083248 ],real/real_01012.png
1,1,[0.48579183 0.5142081 ],real/real_01013.png
1,1,[0.35878897 0.6412111 ],real/real_01014.png
1,1,[0.4411994 0.5588006],real/real_01015.png
1,0,[0.5114903  0.48850974],real/real_01016.png
1,1,[0.3475398 0.6524602],real/real_01017.png
1,0,[0.52556556 0.47443444],real/real_01018.png
1,0,[0.5275174 0.4724826],real/real_01019.png
1,1,[0.47364002 0.52636   ],real/real_01020.png
1,0,[0.6061702 0.3938298],real/real_01021.png
1,1,[0.47546607 0.52453387],real/real_01022.png
1,1,[0.28888854 0.7111115 ],real/real_01023.png
1,1,[0.47671214 0.5232878 ],real/real_01024.png
1,1,[0.46101442 0.5389856 ],real/real_01025.png
1,1,[0.48357305 0.5164269 ],real/real_01026.png
1,1,[0.43844685 0.5615532 ],real/real_01027.png
1,0,[0.5037302  0.49626982],real/real_01028.png
1,0,[0.5265496 0.4734504],real/real_01029.png
1,1,[0.45992044 0.54007953],real/real_01030.png
1,0,[0.5644719  0.43552804],real/real_01031.png
1,1,[0.4168629  0.58313704],real/real_01032.png
1,1,[0.0014672 0.9985328],real/real_01033.png
1,1,[0.47832254 0.52167743],real/real_01035.png
1,1,[0.4555412 0.5444588],real/real_01036.png
1,1,[0.47898003 0.52102005],real/real_01037.png
1,1,[0.46335432 0.53664577],real/real_01038.png
1,1,[0.40643233 0.5935677 ],real/real_01039.png
1,0,[0.5696422 0.4303578],real/real_01040.png
1,1,[0.45609275 0.5439073 ],real/real_01041.png
1,0,[0.5412029 0.4587971],real/real_01042.png
1,1,[0.44437066 0.5556293 ],real/real_01043.png
1,1,[0.42562714 0.5743729 ],real/real_01044.png
1,1,[0.4093147 0.5906853],real/real_01045.png
1,1,[0.2827808  0.71721923],real/real_01046.png
1,1,[0.47807515 0.52192485],real/real_01049.png
1,1,[0.4917818 0.5082182],real/real_01050.png
1,1,[0.06687181 0.93312824],real/real_01051.png
1,1,[0.4798333  0.52016664],real/real_01052.png
1,1,[0.4134622  0.58653784],real/real_01053.png
1,1,[0.44684997 0.55315   ],real/real_01054.png
1,0,[0.5406541  0.45934582],real/real_01055.png
1,0,[0.5382659  0.46173418],real/real_01056.png
1,1,[0.44944653 0.55055344],real/real_01057.png
1,1,[0.47471407 0.52528596],real/real_01058.png
1,0,[0.5122146 0.4877854],real/real_01059.png
1,1,[0.4968699  0.50313014],real/real_01060.png
1,1,[0.4426928  0.55730724],real/real_01061.png
1,1,[0.45496622 0.54503375],real/real_01062.png
1,1,[0.4779152 0.5220847],real/real_01063.png
1,1,[0.47765592 0.5223441 ],real/real_01064.png
1,0,[0.5224955  0.47750455],real/real_01065.png
1,1,[6.328830e-08 9.999999e-01],real/real_01066.png
1,1,[0.4594321  0.54056793],real/real_01067.png
1,1,[0.48494628 0.5150537 ],real/real_01068.png
1,0,[0.5107237  0.48927626],real/real_01069.png
1,1,[0.46435282 0.5356472 ],real/real_01070.png
1,1,[0.4342432  0.56575686],real/real_01071.png
1,1,[0.49448514 0.5055148 ],real/real_01072.png
1,0,[0.6265017  0.37349838],real/real_01073.png
1,0,[0.5420521  0.45794794],real/real_01074.png
1,0,[0.5392156  0.46078435],real/real_01075.png
1,1,[0.45407367 0.5459263 ],real/real_01076.png
1,1,[0.41885668 0.5811433 ],real/real_01078.png
1,1,[0.4774742 0.5225258],real/real_01079.png
1,1,[0.47362068 0.5263793 ],real/real_01080.png
