TrueLabels,Prediction,Logits
0,1,[0.3221745 0.6778255]
0,0,[0.5161488  0.48385125]
0,1,[0.4248508 0.5751492]
0,0,[0.54460734 0.4553926 ]
0,0,[0.7613506  0.23864943]
0,1,[0.4924541 0.5075459]
0,0,[0.5111702 0.4888298]
0,0,[0.56361073 0.43638927]
0,0,[0.91119075 0.08880924]
0,0,[0.71320325 0.28679678]
0,0,[0.782673   0.21732694]
0,0,[0.6270263  0.37297365]
0,1,[0.43671572 0.5632843 ]
0,1,[0.35655376 0.64344627]
0,0,[0.7992827  0.20071733]
0,0,[0.80670404 0.19329599]
0,0,[0.53052753 0.46947244]
0,0,[0.55440867 0.4455914 ]
0,1,[0.47601038 0.5239897 ]
0,0,[0.7521949  0.24780515]
0,0,[0.6258307 0.3741693]
0,0,[0.82588863 0.17411138]
0,1,[0.32759365 0.6724063 ]
0,0,[0.6049467 0.3950533]
0,1,[0.4227669 0.577233 ]
0,0,[0.75177896 0.24822107]
0,0,[0.6093439  0.39065614]
0,0,[0.560132  0.4398679]
0,1,[0.40979436 0.5902056 ]
0,0,[0.72006094 0.279939  ]
0,0,[0.6257266  0.37427348]
0,0,[0.78733385 0.21266618]
0,0,[0.6206279  0.37937215]
0,0,[0.6133152 0.3866848]
0,0,[0.59039867 0.40960133]
0,0,[0.6469431 0.353057 ]
0,1,[0.30568498 0.69431496]
0,1,[0.32601607 0.673984  ]
0,0,[0.73502445 0.26497552]
0,0,[0.72937894 0.2706211 ]
0,1,[0.46254036 0.5374596 ]
0,0,[0.7683762  0.23162378]
0,0,[0.5371094  0.46289062]
0,0,[0.58185965 0.41814032]
0,1,[0.43764895 0.562351  ]
0,0,[0.5920738  0.40792623]
0,1,[0.35794228 0.64205766]
0,0,[0.78698474 0.21301529]
0,0,[0.7880123  0.21198764]
0,0,[0.79930055 0.20069943]
0,0,[0.6994018  0.30059823]
0,0,[0.81215805 0.18784204]
0,1,[0.38801375 0.6119862 ]
0,1,[0.4900539  0.50994617]
0,0,[0.56710494 0.43289503]
0,0,[0.66691524 0.33308476]
0,0,[0.50925577 0.49074423]
0,1,[0.39054602 0.609454  ]
0,0,[0.75102854 0.24897143]
0,1,[0.45998016 0.5400198 ]
0,1,[0.4277159 0.5722841]
0,0,[0.5329564  0.46704364]
0,1,[0.4671311  0.53286886]
0,1,[0.34770513 0.6522949 ]
0,1,[0.46003836 0.53996164]
0,0,[0.6817855  0.31821448]
0,1,[0.1994815 0.8005185]
0,1,[0.4639361 0.5360639]
0,0,[0.58742374 0.41257626]
0,1,[0.41169852 0.5883014 ]
0,0,[0.8744343 0.1255657]
0,1,[0.45438862 0.5456114 ]
0,1,[0.49394092 0.50605905]
0,0,[0.5703203 0.4296796]
0,1,[0.4551764  0.54482365]
0,1,[0.31129408 0.688706  ]
0,1,[0.32971492 0.67028505]
0,1,[0.43631408 0.563686  ]
0,0,[0.6656734  0.33432665]
0,0,[0.71036136 0.2896387 ]
0,0,[0.50208545 0.49791458]
0,1,[0.38848302 0.611517  ]
0,0,[0.7110082  0.28899184]
0,0,[0.5584791  0.44152093]
0,0,[0.6744182  0.32558173]
0,0,[0.50788    0.49211997]
0,0,[0.53818595 0.46181396]
0,1,[0.440324   0.55967605]
0,0,[0.5625353  0.43746468]
0,1,[0.292097   0.70790297]
0,1,[0.39257067 0.6074294 ]
0,0,[0.8041244  0.19587561]
0,0,[0.55496866 0.4450313 ]
0,0,[0.5782067  0.42179328]
0,0,[0.61452854 0.38547146]
0,0,[0.71536255 0.28463745]
0,0,[0.5747708 0.4252292]
0,1,[0.38745633 0.6125437 ]
0,0,[0.57054573 0.42945427]
0,1,[0.4349297 0.5650703]
0,0,[0.7055788  0.29442117]
0,0,[0.742546 0.257454]
0,1,[0.42549628 0.5745037 ]
0,0,[0.7687778  0.23122224]
0,0,[0.5541724  0.44582766]
0,0,[0.6538706  0.34612945]
0,0,[0.601238 0.398762]
0,0,[0.7427014  0.25729865]
0,0,[0.6790186  0.32098144]
0,1,[0.48206234 0.5179377 ]
0,0,[0.7633317  0.23666826]
0,0,[0.86084116 0.13915884]
0,0,[0.7735426  0.22645748]
0,0,[0.5194496 0.4805504]
0,0,[0.7020027  0.29799727]
0,0,[0.65186423 0.34813577]
0,0,[0.5669053  0.43309465]
0,0,[0.8291959  0.17080407]
0,0,[0.6833009 0.3166991]
0,1,[0.45127305 0.5487269 ]
0,1,[0.42555463 0.5744454 ]
0,1,[0.45150688 0.5484931 ]
0,0,[0.5529964  0.44700357]
0,1,[0.44290248 0.5570975 ]
0,0,[0.72091454 0.2790854 ]
0,0,[0.67099714 0.32900283]
0,0,[0.66148293 0.33851704]
0,1,[0.36876372 0.63123626]
0,1,[0.30568072 0.6943193 ]
0,0,[0.660374   0.33962604]
0,1,[0.3822271  0.61777294]
0,1,[0.45988876 0.54011124]
0,1,[0.39099178 0.6090082 ]
0,0,[0.84974295 0.15025708]
0,0,[0.7634675  0.23653258]
0,0,[0.5698063  0.43019378]
0,0,[0.60672086 0.39327905]
0,1,[0.42395136 0.5760486 ]
0,1,[0.29001528 0.70998466]
0,0,[0.76053107 0.23946893]
0,0,[0.58489066 0.4151093 ]
0,0,[0.6551462  0.34485385]
0,0,[0.715806 0.284194]
0,0,[0.5926239  0.40737608]
0,0,[0.6763294 0.3236706]
0,1,[0.4857198  0.51428026]
0,0,[0.77693635 0.22306363]
0,0,[0.84209985 0.1579002 ]
0,0,[0.8392313  0.16076864]
0,0,[0.76800895 0.23199101]
0,1,[0.44044426 0.55955577]
0,0,[0.64409006 0.35590997]
0,0,[0.7054532  0.29454672]
0,0,[0.70284235 0.29715768]
0,0,[0.59426355 0.4057364 ]
0,1,[0.34063208 0.6593679 ]
0,0,[0.761583   0.23841704]
0,0,[0.602034 0.397966]
0,0,[0.84906685 0.15093316]
0,0,[0.827036   0.17296399]
0,0,[0.74787027 0.2521297 ]
0,0,[0.6869779  0.31302208]
0,1,[0.49714777 0.5028522 ]
0,1,[0.30372396 0.696276  ]
0,1,[0.30736467 0.69263536]
0,0,[0.5997914  0.40020862]
0,0,[0.6924811 0.3075189]
0,0,[0.5171983  0.48280174]
0,0,[0.75345564 0.24654436]
0,0,[0.58018064 0.41981936]
0,1,[0.3484394 0.6515606]
0,1,[0.23425117 0.7657488 ]
0,0,[0.8028627  0.19713727]
0,0,[0.60896784 0.3910322 ]
0,0,[0.51770127 0.48229873]
0,0,[0.9362598  0.06374023]
0,0,[0.6109669 0.3890331]
0,0,[0.58844084 0.4115591 ]
0,0,[0.6169348  0.38306525]
0,0,[0.65415704 0.34584293]
0,0,[0.76109916 0.23890084]
0,0,[0.80361605 0.19638394]
0,0,[0.86210936 0.1378906 ]
0,0,[0.88705933 0.11294061]
0,0,[0.6726925 0.3273075]
0,0,[0.80877465 0.19122538]
0,0,[0.8109287  0.18907131]
0,0,[0.83316576 0.16683425]
0,0,[0.5871964  0.41280362]
0,0,[0.54452246 0.45547754]
0,0,[0.896422   0.10357801]
0,0,[0.6747514  0.32524857]
0,0,[0.68977064 0.31022933]
0,1,[0.48334274 0.51665723]
0,0,[0.7141979  0.28580222]
0,0,[0.744464   0.25553608]
0,0,[0.5436886 0.4563114]
0,0,[0.7800465  0.21995343]
0,1,[0.4707109  0.52928907]
0,0,[0.6383078  0.36169216]
0,1,[0.39161652 0.6083835 ]
0,0,[0.89024544 0.10975464]
0,1,[0.4760627  0.52393734]
0,1,[0.46396658 0.53603345]
0,0,[0.67106986 0.3289301 ]
0,0,[0.7688157  0.23118435]
0,0,[0.83162135 0.16837868]
0,0,[0.5695534  0.43044654]
0,0,[0.75599116 0.24400884]
0,1,[0.3492501 0.6507499]
0,0,[0.8218064  0.17819363]
0,0,[0.531271   0.46872905]
0,0,[0.71833336 0.28166664]
0,0,[0.7840889 0.2159111]
0,0,[0.63083446 0.36916554]
0,1,[0.29308778 0.7069122 ]
0,0,[0.8319298  0.16807018]
0,0,[0.81126755 0.18873246]
0,1,[0.38379025 0.6162097 ]
0,0,[0.84612757 0.15387237]
0,0,[0.5042595  0.49574047]
0,0,[0.68938047 0.31061956]
0,1,[0.3699099 0.6300901]
0,0,[0.78926885 0.21073118]
0,0,[0.68775845 0.31224152]
0,1,[0.4940377 0.5059624]
0,0,[0.56211317 0.43788677]
0,0,[0.8602159  0.13978407]
0,0,[0.7293028 0.2706972]
0,1,[0.31090257 0.68909746]
0,1,[0.44646865 0.55353135]
0,0,[0.6438758  0.35612422]
0,1,[0.4796991 0.5203009]
0,0,[0.83654    0.16346002]
0,0,[0.7402188  0.25978124]
0,0,[0.78035617 0.2196438 ]
0,0,[0.59817743 0.4018226 ]
0,1,[0.4656988  0.53430116]
0,0,[0.6101902  0.38980982]
0,0,[0.83197033 0.16802965]
0,0,[0.6086758  0.39132425]
0,0,[0.7429422  0.25705785]
0,0,[0.7620836 0.2379164]
0,0,[0.5610203 0.4389797]
0,0,[0.6163757 0.3836243]
0,0,[0.66224515 0.3377548 ]
0,0,[0.7337187 0.2662813]
0,0,[0.57081467 0.42918536]
0,0,[0.7725099  0.22749016]
0,0,[0.6818809  0.31811908]
0,0,[0.74703443 0.25296554]
0,1,[0.47464314 0.5253568 ]
0,0,[0.5009859  0.49901414]
0,0,[0.59396404 0.4060359 ]
0,0,[0.7787564  0.22124358]
0,0,[0.59582615 0.40417382]
0,0,[0.67225116 0.3277489 ]
0,0,[0.5662848  0.43371522]
0,0,[0.63488847 0.36511153]
0,1,[0.4048777 0.5951223]
0,0,[0.79479575 0.20520426]
0,0,[0.64411587 0.35588416]
0,0,[0.6224976  0.37750238]
0,0,[0.7461565  0.25384346]
0,0,[0.60369277 0.39630723]
0,0,[0.75543374 0.24456634]
0,0,[0.62104917 0.3789508 ]
0,0,[0.7390125  0.26098755]
0,0,[0.75428164 0.24571839]
0,0,[0.535325   0.46467507]
0,1,[0.48721147 0.51278853]
0,1,[0.1539793 0.8460207]
0,0,[0.648853   0.35114694]
0,0,[0.56916714 0.43083295]
0,0,[0.53710794 0.46289203]
0,0,[0.8242304  0.17576967]
0,0,[0.69104666 0.3089533 ]
0,0,[0.5004485 0.4995515]
0,0,[0.70854723 0.29145285]
0,0,[0.51191443 0.48808557]
0,0,[0.7224883  0.27751172]
0,0,[0.8067351  0.19326495]
0,0,[0.65796894 0.3420311 ]
0,0,[0.893235   0.10676497]
0,1,[0.44052455 0.55947554]
0,0,[0.6775909  0.32240903]
0,1,[0.18122807 0.8187719 ]
0,0,[0.62368655 0.37631342]
0,0,[0.5855276 0.4144724]
0,0,[0.5639854  0.43601465]
0,1,[0.43128124 0.5687188 ]
0,0,[0.701394   0.29860595]
0,1,[0.42246786 0.5775321 ]
0,0,[0.8128784  0.18712166]
0,1,[0.49184823 0.5081517 ]
0,0,[0.60347915 0.39652088]
0,0,[0.5488617  0.45113835]
0,0,[0.61004955 0.38995042]
0,0,[0.5857694  0.41423064]
0,0,[0.53968596 0.460314  ]
0,1,[0.48853615 0.5114639 ]
0,0,[0.67975783 0.3202422 ]
0,0,[0.5008455  0.49915454]
0,1,[0.48370686 0.5162931 ]
0,0,[0.583671   0.41632903]
0,0,[0.70907193 0.2909281 ]
0,0,[0.56770194 0.4322981 ]
0,0,[0.84573    0.15427001]
0,0,[0.57125676 0.4287433 ]
0,0,[0.528686   0.47131404]
0,1,[0.39321727 0.60678273]
0,1,[0.48312148 0.51687855]
0,0,[0.7472477  0.25275227]
0,0,[0.7633703  0.23662972]
0,0,[0.5494559 0.4505441]
0,0,[0.6928361 0.3071639]
0,0,[0.69294673 0.30705324]
0,1,[0.29100838 0.7089915 ]
0,0,[0.7427443 0.2572557]
0,0,[0.65385145 0.34614852]
0,0,[0.62580585 0.37419412]
0,0,[0.76663744 0.23336262]
0,0,[0.726826 0.273174]
0,0,[0.5994714  0.40052855]
0,0,[0.899959   0.10004099]
0,0,[0.80370843 0.19629155]
0,0,[0.8588369  0.14116308]
0,0,[0.6948041  0.30519593]
0,0,[0.8334     0.16659997]
0,0,[0.7807941  0.21920592]
0,1,[0.33966273 0.66033727]
0,0,[0.67596835 0.32403156]
0,0,[0.6165605 0.3834395]
0,0,[0.7821379 0.2178621]
0,1,[0.4996398 0.5003602]
0,0,[0.7129853  0.28701475]
0,0,[0.6836878  0.31631222]
0,0,[0.6902031  0.30979696]
0,0,[0.5506836  0.44931638]
0,0,[0.6559677  0.34403235]
0,0,[0.77787226 0.22212775]
0,0,[0.8787103  0.12128974]
0,1,[0.2915045 0.7084955]
0,1,[0.35953674 0.6404633 ]
0,0,[0.78316915 0.21683078]
0,0,[0.614633   0.38536698]
0,0,[0.77545774 0.22454223]
0,0,[0.6521185 0.3478815]
0,1,[0.20186216 0.7981379 ]
0,0,[0.72183895 0.27816108]
0,0,[0.5137419  0.48625803]
0,0,[0.8240569 0.175943 ]
0,0,[0.50561607 0.494384  ]
0,0,[0.69203365 0.30796635]
0,0,[0.51752985 0.4824701 ]
0,0,[0.51898015 0.48101988]
0,0,[0.765751 0.234249]
0,0,[0.51025856 0.4897414 ]
0,0,[0.5902144  0.40978563]
0,0,[0.7309041  0.26909596]
0,0,[0.7546432  0.24535675]
0,0,[0.64668137 0.3533186 ]
0,0,[0.7235653 0.2764347]
0,0,[0.65936667 0.34063336]
0,0,[0.7116483 0.2883517]
0,0,[0.66039747 0.33960253]
0,0,[0.5294733 0.4705266]
0,0,[0.7516464  0.24835365]
0,0,[0.67401236 0.32598764]
0,0,[0.5401304  0.45986965]
0,0,[0.74096215 0.25903785]
0,0,[0.6716725  0.32832745]
0,0,[0.6758854 0.3241146]
0,1,[0.4973642  0.50263584]
0,0,[0.75962836 0.24037158]
0,0,[0.740272 0.259728]
0,1,[0.39842343 0.6015766 ]
0,0,[0.6549991  0.34500092]
0,0,[0.77976006 0.22023995]
0,1,[0.48271945 0.5172805 ]
0,0,[0.5816198  0.41838023]
0,0,[0.8139919  0.18600813]
0,0,[0.64394647 0.35605356]
0,1,[0.32804602 0.671954  ]
0,0,[0.90907156 0.09092844]
0,0,[0.63213176 0.3678682 ]
0,0,[0.7225115 0.2774885]
0,0,[0.8028602  0.19713973]
0,0,[0.8084872  0.19151288]
0,0,[0.7390898  0.26091018]
0,1,[0.49158287 0.50841707]
0,0,[0.63797927 0.3620208 ]
0,0,[0.7711441  0.22885591]
0,0,[0.5656212 0.4343788]
0,0,[0.6020555  0.39794454]
0,0,[0.5524779  0.44752204]
0,0,[0.6082093  0.39179066]
0,0,[0.74897724 0.25102273]
0,1,[0.33241978 0.6675802 ]
0,0,[0.58047426 0.4195257 ]
0,0,[0.6573292  0.34267083]
0,0,[0.6468016  0.35319835]
0,0,[0.7636151  0.23638496]
0,0,[0.61726844 0.3827315 ]
0,0,[0.6571069 0.3428931]
0,0,[0.50304544 0.4969546 ]
0,0,[0.6481419 0.3518581]
0,0,[0.7552695  0.24473047]
0,0,[0.6657526  0.33424738]
0,0,[0.65785706 0.34214288]
0,0,[0.54338944 0.45661056]
0,0,[0.8667057  0.13329428]
0,0,[0.90158886 0.09841116]
0,0,[0.80724823 0.19275175]
0,0,[0.80308515 0.19691491]
0,1,[0.48819822 0.5118018 ]
0,0,[0.8080868  0.19191314]
0,0,[0.685889   0.31411093]
0,0,[0.6222239  0.37777612]
0,0,[0.7859971  0.21400295]
0,0,[0.5848602  0.41513976]
0,0,[0.5870898  0.41291016]
0,0,[0.76453096 0.23546906]
0,0,[0.6336998  0.36630023]
0,0,[0.5908048 0.4091952]
0,0,[0.8151056  0.18489438]
0,0,[0.6137043  0.38629565]
0,0,[0.5393645  0.46063548]
0,0,[0.7864895  0.21351051]
0,1,[0.41520306 0.58479697]
0,0,[0.5421028  0.45789725]
0,0,[0.59352267 0.40647733]
0,0,[0.8148631 0.1851369]
0,0,[0.8426582  0.15734176]
0,1,[0.47885028 0.52114975]
0,0,[0.6386363  0.36136368]
0,0,[0.64019185 0.35980818]
0,0,[0.81034714 0.18965286]
0,0,[0.6895693  0.31043065]
0,0,[0.738216   0.26178402]
0,1,[0.45146507 0.5485349 ]
0,0,[0.68223923 0.3177608 ]
0,0,[0.6979206  0.30207935]
0,1,[0.3881315 0.6118685]
0,0,[0.76629    0.23370999]
0,0,[0.6084496  0.39155042]
0,0,[0.5119297  0.48807034]
0,0,[0.79792464 0.20207536]
0,0,[0.6531103 0.3468897]
0,0,[0.6977577  0.30224225]
0,0,[0.7021172  0.29788274]
0,0,[0.72703546 0.27296448]
0,0,[0.81755555 0.18244444]
0,0,[0.7566499  0.24335009]
0,0,[0.53141075 0.4685892 ]
0,0,[0.82095855 0.1790414 ]
0,1,[0.40531623 0.59468377]
0,0,[0.6406547  0.35934538]
0,0,[0.65973467 0.3402654 ]
0,0,[0.69576246 0.3042376 ]
0,1,[0.3191754 0.6808246]
0,1,[0.4905709 0.5094291]
0,0,[0.7039614  0.29603866]
0,0,[0.68816894 0.31183106]
0,0,[0.7114651  0.28853482]
0,0,[0.7615067 0.2384934]
0,0,[0.63604623 0.36395374]
0,1,[0.3438074 0.6561926]
0,0,[0.66675603 0.33324406]
0,0,[0.5825085  0.41749153]
0,1,[0.42734462 0.5726553 ]
0,0,[0.7397659  0.26023406]
0,0,[0.70685893 0.29314107]
0,0,[0.6658615  0.33413857]
0,0,[0.77109605 0.22890395]
0,0,[0.5861156  0.41388437]
0,0,[0.7739158  0.22608419]
0,0,[0.66034216 0.3396578 ]
0,0,[0.64577955 0.3542204 ]
0,0,[0.7085785 0.2914215]
0,0,[0.7225959 0.2774042]
0,0,[0.7702881  0.22971186]
0,0,[0.6091109  0.39088914]
0,0,[0.7508639  0.24913605]
0,0,[0.7428455  0.25715455]
0,1,[0.43251804 0.56748194]
0,0,[0.66826206 0.33173797]
0,0,[0.77018756 0.22981243]
0,0,[0.60944575 0.39055428]
0,0,[0.8175321  0.18246785]
0,0,[0.759387   0.24061298]
0,1,[0.39056736 0.60943264]
0,0,[0.74189276 0.2581073 ]
0,0,[0.56800574 0.43199426]
0,0,[0.7592941  0.24070598]
0,0,[0.70667636 0.29332367]
0,0,[0.768835   0.23116505]
0,0,[0.60417974 0.39582026]
0,0,[0.6825159 0.3174841]
0,0,[0.50973403 0.490266  ]
0,0,[0.59098804 0.40901205]
0,0,[0.7007751 0.2992249]
0,0,[0.7132634  0.28673658]
0,1,[0.45728832 0.54271173]
0,0,[0.65663147 0.34336856]
0,0,[0.6268316  0.37316835]
0,0,[0.84944147 0.1505586 ]
0,0,[0.6673712  0.33262882]
0,0,[0.6787322  0.32126778]
0,0,[0.7940436  0.20595637]
0,0,[0.7634915  0.23650846]
0,1,[0.45331845 0.5466816 ]
0,0,[0.64901906 0.350981  ]
0,1,[0.3982151 0.6017849]
0,0,[0.69368744 0.30631262]
0,0,[0.70483977 0.29516026]
0,0,[0.8984506  0.10154942]
0,0,[0.81557053 0.1844294 ]
0,0,[0.75397414 0.24602583]
0,0,[0.5634629  0.43653712]
0,0,[0.75814515 0.24185482]
0,0,[0.6849931  0.31500694]
0,0,[0.80819404 0.19180597]
0,0,[0.83073777 0.16926228]
0,0,[0.6410872  0.35891277]
0,0,[0.8112254  0.18877462]
0,0,[0.67597747 0.3240225 ]
0,0,[0.7472796  0.25272045]
0,0,[0.8555118  0.14448819]
0,0,[0.65579563 0.34420437]
0,0,[0.7377017  0.26229832]
0,0,[0.70958036 0.29041964]
0,1,[0.3985888 0.6014112]
0,0,[0.74872476 0.25127527]
0,1,[0.4596954 0.5403046]
0,0,[0.6936042 0.3063958]
0,0,[0.598651   0.40134895]
0,0,[0.6051301 0.3948699]
0,0,[0.67219007 0.32780996]
0,1,[0.46654728 0.5334528 ]
0,1,[0.41795295 0.58204705]
0,0,[0.67851746 0.3214825 ]
0,0,[0.6913954 0.3086046]
0,0,[0.7234762 0.2765238]
0,0,[0.52867776 0.4713223 ]
0,1,[0.29347956 0.7065205 ]
0,0,[0.6249188  0.37508115]
0,0,[0.7608398  0.23916018]
0,0,[0.6134621  0.38653785]
0,0,[0.5792574  0.42074257]
0,0,[0.7764657  0.22353432]
0,0,[0.68035895 0.31964105]
0,0,[0.6485657 0.3514343]
0,0,[0.76058346 0.23941655]
0,0,[0.85400784 0.14599214]
0,0,[0.76095665 0.23904331]
0,0,[0.66480523 0.3351948 ]
0,0,[0.59757954 0.40242037]
0,0,[0.8156634 0.1843366]
0,0,[0.79200035 0.20799965]
0,1,[0.42488226 0.5751177 ]
0,0,[0.720434   0.27956605]
0,0,[0.804953   0.19504708]
0,0,[0.57358456 0.42641547]
0,0,[0.6546941 0.3453059]
0,0,[0.73601544 0.26398456]
0,0,[0.8105055  0.18949454]
0,0,[0.8258238  0.17417622]
0,0,[0.6987359 0.3012641]
0,0,[0.7415918 0.2584082]
0,0,[0.60981184 0.3901882 ]
0,0,[0.717003 0.282997]
0,0,[0.85822064 0.14177941]
0,0,[0.62986434 0.3701357 ]
0,0,[0.6899169 0.3100831]
0,0,[0.64322764 0.35677236]
0,0,[0.73376316 0.2662368 ]
0,0,[0.5967198  0.40328023]
0,0,[0.5904064 0.4095936]
0,1,[0.44858605 0.55141395]
0,0,[0.65817803 0.34182197]
0,0,[0.791369   0.20863102]
0,0,[0.7785846  0.22141542]
0,1,[0.31168848 0.6883115 ]
0,1,[0.34014353 0.6598565 ]
0,0,[0.6535709  0.34642908]
0,1,[0.45511985 0.54488015]
0,0,[0.72920203 0.270798  ]
0,0,[0.7089907  0.29100922]
0,1,[0.33118924 0.6688107 ]
0,0,[0.5186305  0.48136953]
0,0,[0.58918124 0.4108188 ]
0,0,[0.5882158 0.4117842]
0,0,[0.7415363  0.25846368]
0,0,[0.74828404 0.251716  ]
0,0,[0.67938036 0.32061964]
0,0,[0.6457576  0.35424235]
0,0,[0.89921534 0.10078468]
0,0,[0.6643949  0.33560508]
0,0,[0.7318325  0.26816753]
0,0,[0.5193609 0.4806391]
0,0,[0.6954684 0.3045316]
0,0,[0.7205788  0.27942124]
0,0,[0.5712963  0.42870373]
0,0,[0.6639369  0.33606306]
0,0,[0.66965944 0.33034056]
0,0,[0.6580443  0.34195572]
0,0,[0.60325044 0.39674953]
0,1,[0.48079067 0.51920927]
0,0,[0.63221914 0.36778083]
0,0,[0.6857465 0.3142535]
0,0,[0.546245   0.45375496]
0,0,[0.5112367  0.48876333]
0,0,[0.72167534 0.2783247 ]
0,0,[0.7840194  0.21598059]
0,0,[0.53385794 0.46614203]
0,0,[0.8276696  0.17233035]
0,0,[0.7468667  0.25313333]
0,0,[0.6789384  0.32106158]
0,0,[0.61154056 0.38845938]
0,0,[0.6694623  0.33053768]
0,0,[0.67790914 0.32209083]
0,0,[0.532046   0.46795404]
0,0,[0.6338772 0.3661228]
0,0,[0.84943336 0.15056668]
0,1,[0.4829969  0.51700306]
0,0,[0.79802537 0.20197469]
0,1,[0.46330082 0.5366992 ]
0,0,[0.56886595 0.43113402]
0,0,[0.6545267  0.34547335]
0,0,[0.7821196  0.21788038]
0,0,[0.84357214 0.1564279 ]
0,0,[0.87462336 0.12537666]
0,0,[0.9393544  0.06064552]
0,0,[0.7914828  0.20851721]
0,0,[0.66052115 0.33947885]
0,0,[0.67253804 0.32746193]
0,0,[0.70511    0.29488993]
0,0,[0.616902 0.383098]
0,0,[0.53179884 0.46820116]
0,0,[0.695375   0.30462492]
0,0,[0.7175135  0.28248656]
0,1,[0.34057114 0.6594289 ]
0,0,[0.65890664 0.3410934 ]
0,0,[0.57723826 0.4227617 ]
0,0,[0.6384879  0.36151215]
0,0,[0.8122601  0.18773986]
0,0,[0.8539022  0.14609776]
0,0,[0.65014815 0.34985182]
0,0,[0.6138053 0.3861947]
0,1,[0.43216494 0.56783503]
0,0,[0.65918154 0.34081843]
0,0,[0.6076637  0.39233622]
0,0,[0.7304038 0.2695962]
0,1,[0.36301175 0.6369883 ]
0,0,[0.7596434  0.24035664]
0,0,[0.55697274 0.44302726]
0,0,[0.61315364 0.38684633]
0,0,[0.6778006  0.32219937]
0,1,[0.49044922 0.50955075]
0,0,[0.8232045  0.17679548]
0,0,[0.54034245 0.45965755]
0,0,[0.642396   0.35760406]
0,0,[0.8504438  0.14955622]
0,0,[0.63308644 0.36691362]
0,0,[0.71475035 0.28524968]
0,0,[0.74224305 0.25775695]
0,0,[0.59487414 0.4051258 ]
0,0,[0.8560657  0.14393432]
0,0,[0.6338613  0.36613873]
0,0,[0.6492692  0.35073072]
0,1,[0.43699908 0.5630009 ]
0,0,[0.6326165 0.3673834]
0,1,[0.34925172 0.65074825]
0,0,[0.64767545 0.3523246 ]
0,0,[0.64563257 0.3543674 ]
0,1,[0.48832342 0.51167667]
0,0,[0.75363266 0.24636738]
0,0,[0.6096505 0.3903495]
0,0,[0.71685964 0.2831404 ]
0,0,[0.5049918 0.4950082]
0,0,[0.71471375 0.28528628]
0,0,[0.72218716 0.27781287]
0,0,[0.82236844 0.17763154]
0,1,[0.4629255  0.53707445]
0,0,[0.7850218  0.21497814]
0,0,[0.75223047 0.24776952]
0,1,[0.38144282 0.6185572 ]
0,0,[0.56683666 0.43316332]
0,0,[0.70184094 0.298159  ]
0,0,[0.60001266 0.39998728]
0,0,[0.7602548  0.23974524]
0,0,[0.65365124 0.34634873]
0,0,[0.83060503 0.16939503]
0,0,[0.8449323  0.15506767]
0,0,[0.54378915 0.4562108 ]
0,1,[0.39108548 0.6089145 ]
0,0,[0.87240523 0.1275948 ]
0,1,[0.3608423 0.6391578]
0,0,[0.77228916 0.22771083]
0,0,[0.78060526 0.21939473]
0,0,[0.5508428  0.44915718]
0,0,[0.76817065 0.23182933]
0,0,[0.86797816 0.1320218 ]
0,0,[0.67876107 0.32123893]
0,1,[0.36222947 0.6377706 ]
0,0,[0.7959115  0.20408846]
0,0,[0.7677623 0.2322377]
0,0,[0.7182441  0.28175595]
0,0,[0.6049927 0.3950074]
0,0,[0.7918042  0.20819584]
0,0,[0.7807792  0.21922082]
0,0,[0.68229824 0.31770176]
0,0,[0.70126957 0.29873046]
0,1,[0.48290083 0.51709914]
0,1,[0.47844264 0.52155733]
0,0,[0.7691098  0.23089021]
1,0,[0.33423623 0.6657638 ]
1,0,[0.4070744 0.5929256]
1,1,[0.5271043 0.4728957]
1,1,[0.6846994  0.31530058]
1,0,[0.2133727  0.78662735]
1,1,[0.50118023 0.49881977]
1,0,[0.3960532 0.6039468]
1,0,[0.4914643 0.5085357]
1,1,[0.50624216 0.49375787]
1,1,[0.7682883  0.23171176]
1,1,[0.7013453  0.29865468]
1,0,[0.40198904 0.59801096]
1,0,[0.38976306 0.61023694]
1,1,[0.6987965 0.3012035]
1,1,[0.5985148 0.4014852]
1,1,[0.5544689  0.44553104]
1,0,[0.35146996 0.64853007]
1,1,[0.6258917  0.37410828]
1,1,[0.52862906 0.47137094]
1,0,[0.49009538 0.5099046 ]
1,0,[0.48252237 0.51747763]
1,1,[0.5325426  0.46745732]
1,1,[0.8088856  0.19111435]
1,1,[0.63580924 0.3641908 ]
1,1,[0.5268647  0.47313532]
1,1,[0.58593607 0.41406393]
1,0,[0.42633033 0.5736697 ]
1,1,[0.5479119 0.4520881]
1,1,[0.6150088 0.3849912]
1,1,[0.7208417 0.2791583]
1,0,[0.17592001 0.82407993]
1,1,[0.64525294 0.35474703]
1,1,[0.7775365  0.22246355]
1,0,[0.49699405 0.5030059 ]
1,0,[0.25582594 0.7441741 ]
1,1,[0.6139923 0.3860077]
1,1,[0.68708557 0.31291437]
1,0,[0.42773578 0.5722642 ]
1,1,[0.77982754 0.22017248]
1,0,[0.09142736 0.9085727 ]
1,0,[0.3032894 0.6967105]
1,1,[0.655091   0.34490895]
1,1,[0.5765396  0.42346045]
1,0,[0.40490663 0.5950933 ]
1,1,[0.6107943 0.3892057]
1,1,[0.5116505 0.4883495]
1,0,[0.2569272  0.74307275]
1,1,[0.5010851  0.49891484]
1,1,[0.5692225  0.43077746]
1,1,[0.7010473  0.29895267]
1,1,[0.60707146 0.3929285 ]
1,1,[0.5989465 0.4010535]
1,1,[0.6410872  0.35891286]
1,1,[0.6609583  0.33904162]
1,0,[0.45179972 0.5482003 ]
1,1,[0.6120855 0.3879145]
1,1,[0.6200228 0.3799772]
1,1,[0.6138076  0.38619238]
1,0,[0.4258671  0.57413286]
1,0,[0.44000134 0.5599987 ]
1,1,[0.70920676 0.29079327]
1,0,[0.4663638  0.53363615]
1,0,[0.42432353 0.5756765 ]
1,0,[0.48171678 0.5182832 ]
1,1,[0.55526465 0.44473535]
1,1,[0.66773057 0.33226946]
1,0,[0.47374016 0.52625984]
1,1,[0.51714087 0.4828592 ]
1,1,[0.6247761  0.37522385]
1,0,[0.37399068 0.62600935]
1,0,[0.38404956 0.6159504 ]
1,0,[0.49852142 0.5014786 ]
1,0,[0.47921255 0.5207874 ]
1,1,[0.7134744  0.28652558]
1,0,[0.36245206 0.6375479 ]
1,0,[0.38635916 0.61364084]
1,1,[0.74564993 0.25435   ]
1,1,[0.61306375 0.3869362 ]
1,0,[0.27483213 0.7251678 ]
1,0,[0.48888755 0.5111124 ]
1,1,[0.6238424  0.37615764]
1,1,[0.76100326 0.23899674]
1,1,[0.52841353 0.47158644]
1,0,[0.49470788 0.5052921 ]
1,1,[0.5970618 0.4029382]
1,0,[0.30870673 0.6912932 ]
1,1,[0.7315789 0.2684212]
1,0,[0.30344152 0.6965585 ]
1,0,[0.37415347 0.62584656]
1,1,[0.5247067  0.47529322]
1,1,[0.74079174 0.25920826]
1,0,[0.40498078 0.5950192 ]
1,0,[0.35568392 0.6443161 ]
1,0,[0.39366388 0.6063361 ]
1,0,[0.23988305 0.76011693]
1,0,[0.34937194 0.65062803]
1,0,[0.240248 0.759752]
1,0,[0.44699788 0.5530021 ]
1,1,[0.792673   0.20732693]
1,0,[0.4169347 0.5830653]
1,1,[0.6815225  0.31847757]
1,0,[0.46193218 0.5380679 ]
1,1,[0.51627517 0.4837249 ]
1,0,[0.49180308 0.5081969 ]
1,1,[0.7815527  0.21844736]
1,0,[0.35198015 0.64801985]
1,0,[0.32419613 0.6758038 ]
1,0,[0.46653855 0.5334614 ]
1,1,[0.65163165 0.34836832]
1,0,[0.44499213 0.5550079 ]
1,1,[0.6417614  0.35823858]
1,0,[0.30515665 0.6948434 ]
1,1,[0.50551033 0.49448964]
1,0,[0.33812898 0.6618711 ]
1,1,[0.5105442  0.48945588]
1,0,[0.3633699 0.6366301]
1,1,[0.83334607 0.16665393]
1,0,[0.4201097 0.5798903]
1,1,[0.70112777 0.29887223]
1,1,[0.54843646 0.4515635 ]
1,1,[0.8269363  0.17306368]
1,0,[0.4555182 0.5444818]
1,1,[0.7091888  0.29081118]
1,1,[0.6504887  0.34951138]
1,0,[0.31135088 0.6886491 ]
1,1,[0.5835239  0.41647604]
1,1,[0.5788501 0.4211499]
1,0,[0.45545742 0.54454255]
1,0,[0.23421262 0.76578736]
1,0,[0.35720125 0.6427987 ]
1,1,[0.5682892  0.43171075]
1,1,[0.58058864 0.41941142]
1,0,[0.42165607 0.5783439 ]
1,1,[0.601056   0.39894405]
1,0,[0.47918248 0.5208175 ]
1,1,[0.5598163  0.44018367]
1,1,[0.5800585  0.41994146]
1,1,[0.52660596 0.47339407]
1,1,[0.70136535 0.29863465]
1,1,[0.73805314 0.2619469 ]
1,0,[0.3541439  0.64585614]
1,0,[0.24618733 0.7538127 ]
1,1,[0.51506984 0.48493013]
1,0,[0.2077584 0.7922416]
1,1,[0.582008   0.41799203]
1,0,[0.4540846  0.54591537]
1,0,[0.45218545 0.5478146 ]
1,0,[0.22518015 0.77481985]
1,1,[0.7945463  0.20545366]
1,0,[0.36614975 0.6338502 ]
1,1,[0.7567263  0.24327368]
1,1,[0.6247037  0.37529632]
1,0,[0.43707955 0.56292045]
1,0,[0.35266286 0.64733714]
1,0,[0.20897257 0.79102737]
1,0,[0.47506952 0.5249305 ]
1,0,[0.46338874 0.53661126]
1,0,[0.3757253 0.6242747]
1,0,[0.32768315 0.6723169 ]
1,1,[0.5826201  0.41737995]
1,0,[0.36821222 0.6317878 ]
1,1,[0.56050456 0.43949538]
1,1,[0.5788846 0.4211154]
1,1,[0.5255542 0.4744458]
1,0,[0.31746197 0.68253803]
1,0,[0.36015874 0.63984126]
1,1,[0.61549336 0.38450667]
1,0,[0.24058323 0.75941676]
1,1,[0.7857179 0.2142821]
1,1,[0.7533784  0.24662162]
1,1,[0.6481628  0.35183728]
1,1,[0.57322365 0.42677632]
1,0,[0.493983   0.50601697]
1,1,[0.8131755 0.1868245]
1,1,[0.55044055 0.44955948]
1,1,[0.5457896  0.45421037]
1,0,[0.38846606 0.61153394]
1,1,[0.5178343  0.48216572]
1,1,[0.612148   0.38785195]
1,1,[0.50859463 0.4914054 ]
1,0,[0.36724427 0.6327558 ]
1,1,[0.65883833 0.34116167]
1,0,[0.47381055 0.52618945]
1,1,[0.71133584 0.28866416]
1,0,[0.26983455 0.7301654 ]
1,1,[0.74505734 0.25494266]
1,0,[0.38690883 0.6130912 ]
1,0,[0.40881142 0.59118855]
1,1,[0.66039157 0.3396085 ]
1,0,[0.47733837 0.5226617 ]
1,1,[0.6133054 0.3866946]
1,0,[0.36934155 0.63065845]
1,0,[0.29767355 0.7023264 ]
1,0,[0.4209551 0.5790449]
1,1,[0.62500244 0.37499756]
1,0,[0.2763003 0.7236996]
1,0,[0.37090573 0.6290943 ]
1,0,[0.21848984 0.7815102 ]
1,0,[0.49955907 0.500441  ]
1,1,[0.73049074 0.26950923]
1,1,[0.5837897 0.4162103]
1,1,[0.6514854  0.34851462]
1,0,[0.34503773 0.65496224]
1,0,[0.37147403 0.628526  ]
1,0,[0.4806656  0.51933444]
1,1,[0.6222245 0.3777755]
1,1,[0.58897233 0.41102767]
1,0,[0.48231006 0.51769   ]
1,1,[0.53923815 0.46076187]
1,0,[0.49289793 0.5071021 ]
1,1,[0.52804214 0.47195783]
1,1,[0.54674435 0.45325562]
1,0,[0.39285237 0.60714763]
1,1,[0.5320634  0.46793652]
1,1,[0.540034   0.45996603]
1,0,[0.3215411  0.67845887]
1,0,[0.24316175 0.7568383 ]
1,1,[0.66122586 0.33877414]
1,1,[0.5764374  0.42356256]
1,0,[0.39994735 0.60005265]
1,1,[0.67330384 0.32669613]
1,1,[0.6519558  0.34804428]
1,0,[0.3319379  0.66806203]
1,1,[0.8129981  0.18700187]
1,1,[0.64375377 0.35624623]
1,0,[0.4605546  0.53944534]
1,0,[0.37847003 0.62153   ]
1,0,[0.47442758 0.5255724 ]
1,1,[0.56181556 0.43818444]
1,0,[0.23182307 0.7681769 ]
1,0,[0.20676057 0.79323936]
1,1,[0.71589464 0.28410533]
1,1,[0.6993703  0.30062965]
1,0,[0.14492664 0.85507333]
1,1,[0.602771   0.39722905]
1,1,[0.5222666  0.47773343]
1,0,[0.44975165 0.5502484 ]
1,1,[0.7306408  0.26935917]
1,0,[0.30975518 0.6902448 ]
1,1,[0.689162 0.310838]
1,0,[0.49205676 0.5079432 ]
1,1,[0.54957056 0.45042944]
1,1,[0.62569714 0.3743028 ]
1,1,[0.57193416 0.42806575]
1,0,[0.47594228 0.5240577 ]
1,1,[0.6616671 0.3383328]
1,0,[0.3102232 0.6897768]
1,1,[0.7151585  0.28484142]
1,1,[0.59538126 0.40461877]
1,0,[0.38552693 0.61447304]
1,0,[0.37828586 0.6217141 ]
1,0,[0.38485086 0.61514914]
1,0,[0.47178128 0.52821875]
1,0,[0.26585943 0.7341406 ]
1,0,[0.35198885 0.64801115]
1,0,[0.42151442 0.5784856 ]
1,0,[0.25373608 0.7462639 ]
1,1,[0.74110097 0.25889906]
1,0,[0.32053456 0.6794654 ]
1,0,[0.40205905 0.5979409 ]
1,0,[0.4465774 0.5534226]
1,1,[0.549722   0.45027807]
1,1,[0.61677176 0.38322818]
1,0,[0.2180634 0.7819366]
1,1,[0.6208115 0.3791884]
1,1,[0.6215274  0.37847263]
1,0,[0.37464997 0.62535006]
1,1,[0.74082154 0.25917846]
1,1,[0.6125822  0.38741776]
1,1,[0.5411455 0.4588545]
1,0,[0.29977182 0.70022815]
1,0,[0.4256582  0.57434183]
1,1,[0.6637796  0.33622035]
1,1,[0.6123187  0.38768134]
1,0,[0.42732385 0.5726762 ]
1,1,[0.8363891  0.16361085]
1,1,[0.51795024 0.48204976]
1,0,[0.3327757 0.6672243]
1,0,[0.3449918  0.65500826]
1,0,[0.30751914 0.69248086]
1,0,[0.33710796 0.662892  ]
1,1,[0.5428875 0.4571125]
1,1,[0.5079919 0.4920081]
1,0,[0.18913674 0.81086326]
1,1,[0.6784917  0.32150832]
1,0,[0.35000017 0.64999986]
1,0,[0.22719331 0.7728067 ]
1,0,[0.4521053 0.5478947]
1,0,[0.472746 0.527254]
1,0,[0.35593238 0.64406765]
1,0,[0.4902987 0.5097013]
1,0,[0.09894753 0.90105253]
1,1,[0.7795072  0.22049272]
1,0,[0.3265179  0.67348206]
1,0,[0.35676572 0.64323425]
1,1,[0.7740959  0.22590414]
1,0,[0.41595155 0.5840484 ]
1,1,[0.51389045 0.48610955]
1,1,[0.592128   0.40787208]
1,1,[0.6262132 0.3737868]
1,0,[0.35462034 0.6453797 ]
1,1,[0.5066797 0.4933202]
1,0,[0.46914738 0.5308526 ]
1,1,[0.56567246 0.43432754]
1,1,[0.52416915 0.47583082]
1,1,[0.7442229  0.25577712]
1,0,[0.3212551  0.67874485]
1,1,[0.6304669  0.36953315]
1,0,[0.48995245 0.51004755]
1,1,[0.50949705 0.49050292]
1,1,[0.61519283 0.3848072 ]
1,1,[0.6712435  0.32875645]
1,1,[0.5768992  0.42310086]
1,0,[0.48797354 0.5120265 ]
1,1,[0.74663043 0.2533695 ]
1,1,[0.61495733 0.38504273]
1,0,[0.31686407 0.6831359 ]
1,0,[0.46037877 0.5396213 ]
1,0,[0.24085207 0.759148  ]
1,1,[0.5119656  0.48803443]
1,0,[0.32116774 0.67883235]
1,0,[0.48057875 0.5194213 ]
1,0,[0.3719445 0.6280555]
1,0,[0.358744   0.64125603]
1,0,[0.3708413 0.6291587]
1,1,[0.546656   0.45334402]
1,0,[0.422628 0.577372]
1,1,[0.59192973 0.4080703 ]
1,0,[0.3454977 0.6545023]
1,0,[0.3653395 0.6346605]
1,0,[0.2841686 0.7158314]
1,1,[0.6672297  0.33277032]
1,1,[0.6931346  0.30686542]
1,0,[0.35783833 0.64216167]
1,1,[0.5162293  0.48377073]
1,0,[0.3558061 0.6441939]
1,0,[0.4592655 0.5407345]
1,0,[0.43929908 0.5607009 ]
1,0,[0.39840314 0.60159683]
1,0,[0.4232088 0.5767912]
1,1,[0.5694745  0.43052545]
1,0,[0.36071965 0.6392804 ]
1,0,[0.40360203 0.59639794]
1,1,[0.69327474 0.30672526]
1,1,[0.5491048  0.45089522]
1,1,[0.5220141  0.47798583]
1,0,[0.48629144 0.51370853]
1,0,[0.32206094 0.67793906]
1,1,[0.61277956 0.38722038]
1,1,[0.5982205  0.40177944]
1,0,[0.39723462 0.6027653 ]
1,1,[0.8165041  0.18349591]
1,1,[0.6704136  0.32958636]
1,1,[0.55412775 0.44587216]
1,0,[0.44500235 0.5549977 ]
1,0,[0.48267472 0.5173253 ]
1,0,[0.46951056 0.5304895 ]
1,0,[0.34979817 0.65020186]
1,1,[0.6307353  0.36926472]
1,0,[0.48781615 0.51218385]
1,0,[0.4564721  0.54352784]
1,0,[0.32724285 0.6727572 ]
1,1,[0.6157656  0.38423434]
1,1,[0.5434832  0.45651674]
1,0,[0.3745417 0.6254583]
1,1,[0.51969063 0.48030943]
1,1,[0.5422263 0.4577736]
1,0,[0.33622    0.66378003]
1,1,[0.7434582 0.2565418]
1,0,[0.28819928 0.71180075]
1,0,[0.26622656 0.7337734 ]
1,1,[0.58016944 0.41983065]
1,0,[0.45121914 0.54878086]
1,1,[0.5495222  0.45047778]
1,0,[0.3557509  0.64424914]
1,1,[0.77284664 0.22715339]
1,0,[0.4994101 0.5005899]
1,0,[0.4206819  0.57931805]
1,0,[0.40361685 0.5963832 ]
1,0,[0.38256815 0.6174318 ]
1,0,[0.16319335 0.8368066 ]
1,1,[0.6165988  0.38340124]
1,0,[0.43927476 0.5607252 ]
1,1,[0.5045177  0.49548236]
1,0,[0.3581934 0.6418066]
1,0,[0.24846156 0.7515385 ]
1,1,[0.78401285 0.21598715]
1,1,[0.6421946 0.3578053]
1,0,[0.37190968 0.6280903 ]
1,0,[0.345036 0.654964]
1,0,[0.30705634 0.69294363]
1,1,[0.5880017 0.4119983]
1,0,[0.2774202 0.7225798]
1,0,[0.49011797 0.509882  ]
1,0,[0.42261317 0.57738686]
1,0,[0.3024727 0.6975273]
1,1,[0.6345437  0.36545634]
1,1,[0.722036   0.27796397]
1,0,[0.35907817 0.64092183]
1,0,[0.19928211 0.8007179 ]
1,0,[0.46211463 0.5378854 ]
1,1,[0.60794574 0.39205426]
1,0,[0.39543435 0.6045657 ]
1,1,[0.630765   0.36923498]
1,1,[0.5688689  0.43113115]
1,0,[0.46532035 0.5346797 ]
1,0,[0.4335996  0.56640035]
1,1,[0.56696033 0.43303967]
1,0,[0.48413834 0.51586163]
1,1,[0.5829172 0.4170828]
1,0,[0.3030769 0.6969231]
1,0,[0.23301809 0.76698184]
1,0,[0.33845243 0.66154754]
1,0,[0.2935668 0.7064332]
1,0,[0.38503626 0.6149637 ]
1,0,[0.48842412 0.51157594]
1,0,[0.23259228 0.7674078 ]
1,0,[0.16945821 0.8305418 ]
1,1,[0.58494824 0.41505176]
1,1,[0.85574746 0.14425257]
1,0,[0.27131468 0.7286853 ]
1,1,[0.66058874 0.33941123]
1,1,[0.63828325 0.36171675]
1,0,[0.3575902 0.6424098]
1,0,[0.41486326 0.5851367 ]
1,0,[0.17285268 0.8271473 ]
1,1,[0.577922   0.42207804]
1,0,[0.17646204 0.82353795]
1,0,[0.49288937 0.5071106 ]
1,0,[0.1615851 0.8384149]
1,1,[0.6206594  0.37934053]
1,0,[0.26202777 0.73797226]
1,0,[0.4346394 0.5653606]
1,0,[0.35980576 0.6401942 ]
1,0,[0.34412324 0.6558767 ]
1,0,[0.26671553 0.7332844 ]
1,0,[0.38457325 0.6154268 ]
1,1,[0.82478654 0.17521346]
1,1,[0.58071434 0.41928566]
1,0,[0.3348761  0.66512394]
1,0,[0.37087572 0.6291243 ]
1,0,[0.495304  0.5046961]
1,0,[0.3006824 0.6993176]
1,0,[0.38054112 0.61945885]
1,0,[0.24058983 0.75941014]
1,1,[0.68510985 0.3148901 ]
1,0,[0.44505623 0.55494374]
1,1,[0.7454656  0.25453445]
1,0,[0.47598904 0.524011  ]
1,1,[0.7098591  0.29014087]
1,1,[0.6658261  0.33417395]
1,1,[0.62818015 0.37181982]
1,1,[0.6405366 0.3594634]
1,1,[0.5632862  0.43671378]
1,0,[0.37098804 0.629012  ]
1,1,[0.5965498  0.40345022]
1,1,[0.5396706 0.4603294]
1,1,[0.66290283 0.33709714]
1,1,[0.6991559 0.300844 ]
1,0,[0.4957838  0.50421613]
1,1,[0.71156394 0.28843606]
1,0,[0.41373777 0.5862622 ]
1,1,[0.59306026 0.40693972]
1,1,[0.53081787 0.4691821 ]
1,1,[0.56450397 0.43549606]
1,1,[0.63073266 0.3692674 ]
1,0,[0.3281871  0.67181283]
1,1,[0.73340034 0.26659968]
1,0,[0.4452417 0.5547583]
1,1,[0.57087463 0.4291253 ]
1,1,[0.6266615 0.3733386]
1,1,[0.6087464  0.39125365]
1,1,[0.7614526  0.23854746]
1,0,[0.35370952 0.64629054]
1,1,[0.5302372 0.4697628]
1,0,[0.43002093 0.5699791 ]
1,1,[0.68146086 0.3185391 ]
1,1,[0.7546679  0.24533217]
1,1,[0.7098604  0.29013968]
1,0,[0.46908402 0.53091604]
1,0,[0.48572075 0.5142793 ]
1,1,[0.58959347 0.41040653]
1,1,[0.6067645  0.39323547]
1,0,[0.3637819 0.6362181]
1,1,[0.5787891  0.42121086]
1,0,[0.2740027 0.7259973]
1,0,[0.40186468 0.5981353 ]
1,1,[0.5724711  0.42752895]
1,0,[0.47158036 0.52841955]
1,0,[0.37623942 0.6237606 ]
1,1,[0.7529366 0.2470634]
1,1,[0.72095144 0.27904856]
1,1,[0.72274214 0.2772579 ]
1,0,[0.184112 0.815888]
1,0,[0.3254446 0.6745554]
1,1,[0.7044487  0.29555136]
1,1,[0.5992249  0.40077505]
1,0,[0.17802425 0.82197577]
1,1,[0.57485676 0.42514315]
1,0,[0.4587019 0.5412981]
1,1,[0.8061356  0.19386443]
1,1,[0.5513488  0.44865122]
1,1,[0.6172641 0.3827359]
1,0,[0.4449414 0.5550586]
1,0,[0.43366405 0.5663359 ]
1,0,[0.40419412 0.5958058 ]
1,0,[0.23551437 0.76448566]
1,0,[0.41541493 0.58458513]
1,0,[0.3102434 0.6897566]
1,0,[0.44640625 0.55359375]
1,0,[0.40147263 0.5985274 ]
1,0,[0.07507552 0.9249245 ]
1,1,[0.53889763 0.4611023 ]
1,1,[0.56432825 0.43567175]
1,0,[0.44835055 0.55164945]
1,1,[0.70987785 0.29012218]
1,0,[0.41183433 0.58816564]
1,1,[0.5748783  0.42512175]
1,0,[0.33831418 0.6616858 ]
1,1,[0.5047368 0.4952632]
1,1,[0.67783535 0.32216465]
1,0,[0.21695068 0.7830493 ]
1,1,[0.6087811  0.39121887]
1,1,[0.65334404 0.346656  ]
1,1,[0.523539   0.47646105]
1,1,[0.5362764  0.46372354]
1,1,[0.582164   0.41783595]
1,0,[0.44854444 0.5514556 ]
1,0,[0.28747725 0.7125227 ]
1,1,[0.59457076 0.40542924]
1,1,[0.7525639  0.24743605]
1,0,[0.22647989 0.7735202 ]
1,1,[0.5910454  0.40895456]
1,1,[0.64475816 0.35524186]
1,0,[0.48848766 0.51151234]
1,0,[0.32717946 0.6728205 ]
1,0,[0.44004118 0.5599588 ]
1,0,[0.48029387 0.51970613]
1,0,[0.27245036 0.7275496 ]
1,0,[0.25602677 0.74397326]
1,0,[0.23618509 0.7638149 ]
1,1,[0.5557338  0.44426623]
1,0,[0.45181808 0.5481819 ]
1,1,[0.63675165 0.36324835]
1,1,[0.5963506 0.4036494]
1,0,[0.425076   0.57492393]
1,1,[0.57497305 0.42502692]
1,0,[0.44322258 0.55677736]
1,0,[0.3872938 0.6127062]
1,1,[0.5369548  0.46304518]
1,1,[0.68800884 0.3119911 ]
1,0,[0.49801725 0.50198275]
1,0,[0.33604464 0.66395545]
1,0,[0.24238196 0.75761807]
1,0,[0.39375547 0.6062445 ]
1,0,[0.4635283  0.53647166]
1,0,[0.35364997 0.64635   ]
1,0,[0.3920956  0.60790443]
1,1,[0.55843276 0.4415672 ]
1,1,[0.637813   0.36218703]
1,0,[0.3612405  0.63875955]
1,0,[0.18257882 0.81742114]
1,0,[0.4608628 0.5391372]
1,1,[0.65579957 0.34420043]
1,1,[0.67065746 0.3293426 ]
1,0,[0.39897004 0.60102993]
1,1,[0.5160531  0.48394692]
1,1,[0.6755258  0.32447428]
1,1,[0.5047966  0.49520338]
1,1,[0.5477586  0.45224145]
1,1,[0.55438983 0.44561014]
1,0,[0.26304546 0.73695457]
1,1,[0.516216   0.48378405]
1,0,[0.36996922 0.6300308 ]
1,0,[0.4917379  0.50826204]
1,1,[0.60056674 0.39943326]
1,1,[0.571319   0.42868105]
1,0,[0.43762228 0.5623777 ]
1,1,[0.5928724  0.40712765]
1,1,[0.5698169  0.43018308]
1,0,[0.3554557 0.6445443]
1,1,[0.804671   0.19532901]
1,0,[0.34835318 0.65164685]
1,0,[0.47823185 0.5217682 ]
1,1,[0.62329245 0.37670758]
1,0,[0.43398017 0.56601983]
1,0,[0.36772698 0.632273  ]
1,0,[0.27071553 0.72928447]
1,0,[0.33997402 0.66002595]
1,1,[0.53631085 0.46368915]
1,1,[0.8534693  0.14653067]
1,1,[0.6978965  0.30210358]
1,0,[0.46768984 0.5323101 ]
1,0,[0.46259907 0.53740096]
1,1,[0.63414645 0.36585352]
1,0,[0.34472674 0.65527326]
1,1,[0.54488903 0.45511097]
1,0,[0.34182745 0.65817255]
1,1,[0.60919887 0.39080113]
1,0,[0.48624405 0.5137559 ]
1,0,[0.4559032  0.54409677]
1,0,[0.38417342 0.6158266 ]
1,1,[0.55168366 0.4483163 ]
1,1,[0.78182757 0.21817239]
1,0,[0.4923166 0.5076834]
1,1,[0.61255    0.38744992]
1,1,[0.6725932  0.32740688]
1,0,[0.33250234 0.66749763]
1,0,[0.17238496 0.827615  ]
1,0,[0.45306432 0.54693574]
1,1,[0.5638412 0.4361588]
1,1,[0.6172074  0.38279256]
1,1,[0.6459932 0.3540068]
1,1,[0.53725916 0.46274087]
1,0,[0.33097318 0.6690268 ]
1,1,[0.7572903  0.24270965]
1,1,[0.62177235 0.3782277 ]
1,0,[0.40713125 0.59286875]
1,0,[0.48143002 0.51856995]
1,1,[0.85287976 0.14712021]
1,0,[0.38448748 0.6155125 ]
1,1,[0.71494544 0.28505453]
1,0,[0.40281162 0.59718835]
1,0,[0.48324636 0.5167537 ]
1,0,[0.44606754 0.5539324 ]
1,0,[0.3097545  0.69024557]
1,0,[0.49746138 0.5025386 ]
1,0,[0.48925966 0.51074034]
1,0,[0.48743016 0.5125699 ]
1,1,[0.55545986 0.44454014]
1,1,[0.7817519  0.21824813]
1,0,[0.48369378 0.5163062 ]
1,1,[0.6128651  0.38713497]
1,0,[0.37084147 0.6291586 ]
1,0,[0.19119418 0.8088058 ]
1,0,[0.36792746 0.63207257]
1,0,[0.28879663 0.71120334]
1,0,[0.25260732 0.74739265]
1,0,[0.1560132 0.8439868]
1,0,[0.17314906 0.82685095]
1,0,[0.30015725 0.69984275]
1,0,[0.3271195 0.6728804]
1,0,[0.42726865 0.5727313 ]
1,1,[0.57347685 0.42652312]
1,0,[0.33964878 0.6603512 ]
1,0,[0.4090876 0.5909124]
1,0,[0.37753245 0.6224676 ]
1,0,[0.33516183 0.66483814]
1,0,[0.2109647  0.78903526]
1,0,[0.43122607 0.5687739 ]
1,0,[0.48678568 0.51321435]
1,0,[0.23878007 0.7612199 ]
1,0,[0.4149134  0.58508664]
1,0,[0.2649187 0.7350813]
1,0,[0.46699545 0.5330046 ]
1,1,[0.59337085 0.40662912]
1,0,[0.34847653 0.6515235 ]
1,0,[0.49849933 0.5015006 ]
1,1,[0.67371184 0.3262881 ]
1,0,[0.43344817 0.56655186]
1,1,[0.68827134 0.31172863]
1,1,[0.559804   0.44019607]
1,0,[0.44880128 0.5511988 ]
1,0,[0.32685035 0.67314965]
1,0,[0.45205894 0.547941  ]
1,1,[0.6032431  0.39675692]
1,1,[0.6225842 0.3774158]
1,0,[0.4786008 0.5213992]
1,0,[0.37392917 0.62607086]
1,1,[0.59557456 0.4044254 ]
1,0,[0.42927074 0.57072926]
1,0,[0.13410304 0.86589694]
1,0,[0.31202975 0.6879702 ]
1,0,[0.37692702 0.6230729 ]
1,0,[0.29253533 0.70746464]
1,0,[0.11486112 0.88513887]
1,1,[0.6029655  0.39703447]
1,1,[0.5570686 0.4429315]
1,0,[0.3632329 0.6367671]
1,1,[0.527684   0.47231606]
1,1,[0.5170937 0.4829063]
1,0,[0.3081351  0.69186497]
1,1,[0.62350744 0.37649253]
1,0,[0.3898022  0.61019784]
1,1,[0.5957902  0.40420985]
1,1,[0.5870763  0.41292372]
1,0,[0.3779979 0.6220021]
1,1,[0.79927254 0.20072746]
1,0,[0.1346167 0.8653833]
1,0,[0.23504658 0.76495343]
1,0,[0.4257272 0.5742728]
1,0,[0.27627882 0.7237211 ]
1,1,[0.57054275 0.42945725]
1,0,[0.4219061 0.5780939]
1,0,[0.20886606 0.7911339 ]
1,0,[0.46861604 0.531384  ]
1,1,[0.64319634 0.3568036 ]
1,1,[0.7363438  0.26365626]
1,0,[0.44364902 0.55635095]
1,1,[0.52753913 0.47246087]
1,0,[0.30908436 0.6909156 ]
1,0,[0.35517627 0.6448237 ]
1,1,[0.5596122 0.4403878]
1,0,[0.46934474 0.5306553 ]
1,1,[0.8976287  0.10237125]
1,1,[0.71226937 0.2877306 ]
1,1,[0.50762343 0.49237657]
1,0,[0.38186923 0.61813074]
1,1,[0.5242362 0.4757638]
1,0,[0.44750962 0.5524904 ]
1,0,[0.4018082  0.59819186]
1,0,[0.3270974 0.6729027]
1,1,[0.61426353 0.38573647]
1,0,[0.46595806 0.5340419 ]
1,0,[0.38463894 0.61536103]
1,0,[0.3808724 0.6191276]
1,0,[0.35877693 0.641223  ]
1,1,[0.54077274 0.4592273 ]
1,0,[0.4285828 0.5714172]
1,0,[0.40396735 0.5960327 ]
1,1,[0.5508624 0.4491376]
1,1,[0.5935615  0.40643862]
1,1,[0.58276325 0.41723675]
1,0,[0.48235032 0.5176497 ]
1,0,[0.21026786 0.7897321 ]
1,0,[0.42042503 0.57957494]
1,1,[0.5841394  0.41586062]
1,0,[0.45708388 0.5429161 ]
1,1,[0.5150326 0.4849674]
1,0,[0.49751619 0.50248384]
1,0,[0.35583833 0.64416164]
1,0,[0.45133442 0.5486656 ]
1,1,[0.62050205 0.37949795]
1,0,[0.44533303 0.554667  ]
1,0,[0.35874328 0.6412567 ]
1,1,[0.6320338 0.3679662]
1,0,[0.4622531  0.53774685]
1,1,[0.8504062  0.14959379]
1,1,[0.5470969 0.4529031]
1,0,[0.47792545 0.5220745 ]
1,1,[0.66178983 0.33821014]
1,1,[0.6518614 0.3481386]
1,0,[0.32181236 0.6781876 ]
1,1,[0.6589267  0.34107327]
1,1,[0.76109177 0.23890822]
1,1,[0.578868   0.42113203]
1,0,[0.4008919 0.5991081]
1,1,[0.7239212  0.27607885]
1,1,[0.5866487  0.41335133]
1,0,[0.48905778 0.5109422 ]
1,0,[0.4431397 0.5568604]
1,0,[0.3383945 0.6616055]
0,0,[0.89422935 0.10577066]
0,0,[0.7473261  0.25267395]
0,0,[0.7496417  0.25035822]
0,1,[0.4149547  0.58504534]
0,0,[0.65895224 0.3410478 ]
0,1,[0.4529993 0.5470007]
0,0,[0.52575165 0.4742484 ]
0,0,[0.8026476  0.19735245]
0,0,[0.80949414 0.1905059 ]
0,0,[0.55463314 0.4453668 ]
0,0,[0.77427024 0.22572973]
0,0,[0.88173664 0.11826337]
0,0,[0.72059965 0.27940035]
0,0,[0.84523726 0.15476269]
0,0,[0.85809755 0.14190246]
0,0,[0.7575763  0.24242373]
0,0,[0.87007624 0.1299237 ]
0,1,[0.2020352 0.7979648]
0,0,[0.6962707 0.3037293]
0,0,[0.77539116 0.22460888]
1,1,[0.57860017 0.42139986]
1,0,[0.4256044 0.5743956]
1,1,[0.62676805 0.37323192]
1,1,[0.5310639  0.46893606]
1,0,[0.45008284 0.5499171 ]
1,1,[0.550749 0.449251]
1,0,[0.26399732 0.7360027 ]
1,0,[0.4706251 0.5293749]
1,0,[0.36796367 0.63203627]
1,1,[0.74528486 0.25471517]
1,0,[0.41181308 0.5881869 ]
1,1,[0.5214635  0.47853646]
1,1,[0.7129018 0.2870983]
1,0,[0.4527264 0.5472736]
1,1,[0.55989486 0.4401051 ]
1,0,[0.33602646 0.6639736 ]
1,1,[0.5375356  0.46246442]
1,1,[0.5491791 0.4508209]
1,0,[0.36416173 0.63583827]
1,0,[0.3349828 0.6650172]
